influence,creativity,threat,ict_index,opp_team_name,was_home,xG,xA,xGC,Form,total_points
29.8,0,0,3,Chelsea,FALSE,0,0,1.4603,0,2
17.2,0,0,1.7,Bournemouth,FALSE,0,0,0.522847,0,2
2,0,0,0.2,Watford,TRUE,0,0,0.180046,0,2
24.6,0,0,2.5,Hull,FALSE,0,0,0.740018,0,2
19.4,0,0,1.9,Burnley,FALSE,0,0,1.04903,0,8
47.8,0,0,4.8,Swansea,TRUE,0,0,1.72089,0,4
13.2,0,0,1.3,West Bromwich Albion,TRUE,0,0,0.684593,0,2
17.4,0,0,1.7,Sunderland,TRUE,0,0,1.09877,0,2
36.2,0,0,3.6,Everton,FALSE,0,0,2.0087,2,2
9.2,0,0,0.9,West Bromwich Albion,FALSE,0,0,0.596605,0,6
9.2,0,0,0.9,Burnley,TRUE,0,0,0.327957,2,6
32.8,0,0,3.3,Chelsea,TRUE,0,0,1.14759,2,2
12,0,0,1.2,Leicester,TRUE,0,0,0.740987,2,2
24,0,0,2.4,Arsenal,TRUE,0,0,2.48348,0,1
18.8,0,0,1.9,Tottenham,FALSE,0,0,1.69833,2,3
76.8,0,0,7.7,Manchester United,FALSE,0,0,2.72391,4,11
13.2,0,0,1.3,Stoke,TRUE,0,0,0.81046,2,2
13.2,0,0,1.3,Middlesbrough,TRUE,0,0,0.208762,6,2
7.6,0,0,0.8,Swansea,FALSE,0,0,0.51266,4,2
1.6,0,0,0.2,Hull,FALSE,0,0,0.561215,2,1
20.4,0,2,2.2,Arsenal,FALSE,0,0,0.675745,2,2
42.8,0,0,4.3,Bournemouth,FALSE,0,0,2.6457,0.5,4
15,0,0,1.5,West Ham,FALSE,0,0,0.404528,3,2
0,0,0,0,Manchester United,TRUE,0,0,1.00006,4.5,1
26.6,0,0,2.7,Crystal Palace,TRUE,0,0,2.05902,7.5,2
10,0,0,1,Crystal Palace,FALSE,0,0,0.431559,4,2
17.8,0,0,1.8,Tottenham,FALSE,0,0,2.53396,0,2
3,0,0,0.3,Arsenal,TRUE,0,0,0.575813,3.333333333,2
25.8,0,0,2.6,Liverpool,TRUE,0,0,1.68802,1.666666667,6
12.8,0,0,1.3,West Ham,TRUE,0,0,1.76706,2,1
39,0,0,3.9,Hull,TRUE,0,0,1.25065,1.666666667,7
10.6,0,0,1.1,Bournemouth,TRUE,0,0,1.24012,2.5,2
37.4,0,0,3.7,Everton,FALSE,0,0,1.54877,3.333333333,4
11,0,0,1.1,Manchester City,TRUE,0,0,1.39421,0.666666667,1
31.4,0,0,3.1,Burnley,FALSE,0,0,0.475642,3.333333333,3
51,0,0,5.1,Manchester United,FALSE,0,0,1.44452,0.5,4
11.2,0,0,1.1,West Ham,TRUE,0,0,0.749388,3,2
5.2,0,0,0.5,Everton,TRUE,0,0,0.615174,2.75,6
11.6,0,0,1.2,Chelsea,FALSE,0,0,1.24948,1.75,2
30,0,0,3,Liverpool,FALSE,0,0,2.02461,3,2
9.6,0,0,1,Watford,FALSE,0,0,0.541915,2.333333333,7
5.8,0,0,0.6,Crystal Palace,TRUE,0,0,2.28156,3.5,0
22.4,0,0,2.2,Swansea,FALSE,0,0,3.3955,0.75,0
9.4,0,0,0.9,Chelsea,TRUE,0,0,1.2848,3.25,1
37,0,0,3.7,Arsenal,TRUE,0,0,2.96923,1.5,1
37,0,0,3.7,Everton,FALSE,0,0,1.64985,3,2
0.4,0,0,0,Crystal Palace,FALSE,0,0,2.20073,3.75,1
4,0,0,0.4,Swansea,TRUE,0,0,0.0342109,1.75,6
26,0,0,2.6,Leicester,TRUE,0,0,1.13791,3.5,3
28.6,0,0,2.9,Burnley,TRUE,0,0,0.773995,3.5,8
66.6,0,0,6.7,Tottenham,FALSE,0,0,3.9767,1.5,2
21,0,0,2.1,Southampton,TRUE,0,0,0.764357,0.25,7
16.8,0,0,1.7,Leicester,FALSE,0,0,2.60583,2,0
1,0,0,0.1,Liverpool,FALSE,0,0,1.79134,1.75,1
18,0,0,1.8,Tottenham,TRUE,0,0,0.720341,2,8
8.8,0,0,0.9,Middlesbrough,TRUE,0,0,0.493941,3.5,6
35,0,0,3.5,Manchester United,FALSE,0,0,1.04894,2.75,3
18.2,0,0,1.8,Swansea,FALSE,0,0,2.18185,4,1
22,0,0,2.2,Arsenal,FALSE,0,0,1.58027,4.75,2
13,0,0,1.3,Sunderland,TRUE,0,0,0.672058,1.75,6
16,10,0,2.6,Bournemouth,TRUE,0,0.04847341,1.00194,0.5,1
22.2,0,0,2.2,Hull,FALSE,0,0,2.16649,2,2
17.8,0,0,1.8,Burnley,TRUE,0,0,0.923353,2,8
35.6,0,0,3.6,Chelsea,TRUE,0,0,1.22459,3.25,3
57.8,0,0,5.8,West Ham,FALSE,0,0,1.67016,0.25,12
1.2,0,0,0.1,Arsenal,TRUE,0,0,0.609893,2.5,2
30,0,0,3,Hull,TRUE,0,0,1.13479,3.5,8
7,0,0,0.7,West Bromwich Albion,FALSE,0,0,0.600426,3.5,6
29.4,0,0,2.9,Bournemouth,FALSE,0,0,0.492912,5,3
10.6,0,0,1.1,Burnley,TRUE,0,0,1.17031,4.75,2
24.6,10,0,3.5,Watford,TRUE,0,0.031857744,1.07552,2.25,8
34.8,0,0,3.5,Stoke,FALSE,0,0,2.518,0,2
41.4,0,0,4.1,Leicester,TRUE,0,0,1.25572,6.75,3
7.4,0,0,0.7,Middlesbrough,FALSE,0,0,1.71549,2.25,1
41,0,0,4.1,Tottenham,FALSE,0,0,1.50755,3.25,3
40.8,0,0,4.1,Chelsea,TRUE,0,0,0.81444,2.75,3
10.8,0,0,1.1,Hull,FALSE,0,0,0.350069,2.25,6
39.2,0,0,3.9,Swansea,FALSE,0,0,0.954864,4.5,4
18.6,0,0,1.9,Sunderland,TRUE,0,0,0.488541,4.5,3
4.6,0,0,0.5,Tottenham,TRUE,0,0,1.61035,4.25,0
4.6,0,0,0.5,Southampton,FALSE,0,0,0.403743,4.75,2
39.4,10,0,4.9,Manchester United,FALSE,0,0.057931818,2.32117,3.75,3
6.6,0,0,0.7,Everton,TRUE,0,0,1.25512,0.5,1
14,0,0,1.4,Liverpool,FALSE,0,0,1.66669,5.75,0
15.8,0,0,1.6,West Ham,TRUE,0,0,3.40585,2.5,1
14.8,0.1,0,1.5,Middlesbrough,TRUE,0,0,0.698814,4,9
14,0,0,1.4,Watford,FALSE,0,0,0.959496,3.5,2
2.4,0,0,0.2,Liverpool,FALSE,0,0,0.256825,3.5,2
31.6,0,0,3.2,Leicester,FALSE,0,0,1.10842,5.25,3
5.8,0,0,0.6,Middlesbrough,TRUE,0,0,0.64492,4.75,2
9.2,0,0,0.9,West Bromwich Albion,TRUE,0,0,0.6675,4,1
11,0,0,1.1,Watford,FALSE,0,0,1.26331,3.75,2
30,0,0,3,West Ham,TRUE,0,0,1.58333,0.75,8
27.8,0,0,2.8,Chelsea,FALSE,0,0,1.94737,3.75,1
17,0,0,1.7,Bournemouth,TRUE,0,0,2.43608,2.25,2
14,0,0,1.4,Sunderland,TRUE,0,0,0.465701,6.25,2
37.4,0,0,3.7,Arsenal,FALSE,0,0,1.67138,2.25,2
28.6,0,0,2.9,Bournemouth,TRUE,0,0,0.39341,0,9
8.4,0,0,0.8,Southampton,TRUE,0,0,0.613233,3.25,6
17.4,0,0,1.7,Manchester United,FALSE,0,0,1.36553,2.75,2
26.4,0,0,2.6,Arsenal,TRUE,0,0,0.521509,2.75,8
18,0,0,1.8,Hull,TRUE,0,0,2.18655,1.25,1
25.6,0,0,2.6,Liverpool,TRUE,0,0,0.939025,6.5,10
31,0,0,3.1,Tottenham,FALSE,0,0,2.25623,2.25,3
17.6,0,0,1.8,Stoke,FALSE,0,0,1.31066,0,2
11.8,0,0,1.2,Burnley,TRUE,0,0,0.642111,4,2
35.6,0,0,3.6,Manchester United,TRUE,0,0,1.64905,3.75,2
14.6,0,0,1.5,West Ham,FALSE,0,0,0.799911,4.25,6
20.8,0,0,2.1,Everton,FALSE,0,0,2.34997,1.5,2
5.8,0,0,0.6,Middlesbrough,FALSE,0,0,0.697108,4.75,6
5,0,0,0.5,Manchester City,FALSE,0,0,0.617412,6,1
5.4,0,0,0.5,Everton,FALSE,0,0,0.572528,3,0
9.6,0,0,1,Crystal Palace,TRUE,0,0,1.06181,2.25,6
28.4,0,0,2.8,Liverpool,TRUE,0,0,1.46058,4.25,3
8.6,0,0,0.9,Burnley,FALSE,0,0,0.464555,1.25,2
0.8,0,0,0.1,West Bromwich Albion,TRUE,0,0,0.165019,2.5,6
2,0,0,0.2,Chelsea,TRUE,0,0,0.738826,5.75,1
19.6,0,0,2,Sunderland,FALSE,0,0,1.1365,2.5,2
23,0,0,2.3,Arsenal,TRUE,0,0,2.31811,1.5,1
34.6,0,0,3.5,Southampton,TRUE,0,0,0.962065,5.5,10
1,0,0,0.1,West Ham,FALSE,0,0,1.72338,2,1
2.4,0,0,0.2,Tottenham,TRUE,0,0,1.12391,2.5,1
9.2,0,0,0.9,Middlesbrough,FALSE,0,0,0.958825,2.75,2
6,0,0,0.6,Stoke,FALSE,0,0,0.353777,4.25,2
17,0,0,1.7,Leicester,TRUE,0,0,0.935866,1.75,7
32,0,0,3.2,Manchester City,FALSE,0,0,2.52702,3.5,2
26,0,0,2.6,Southampton,FALSE,0,0,2.49923,5.75,2
46,0,0,4.6,Manchester United,TRUE,0,0,1.74295,2.25,3
17.8,0,0,1.8,Liverpool,FALSE,0,0,1.24037,1.5,2
33,0,0,3.3,Arsenal,FALSE,0,0,1.86443,5.75,3
39.8,0,0,4,Everton,TRUE,0,0,0.949561,1.75,4
2,0,0,0.2,Manchester City,TRUE,0,0,2.66472,2.5,0
14.8,0,0,1.5,Hull,TRUE,0,0,0.395896,4.25,6
13.6,0,0,1.4,Swansea,FALSE,0,0,0.760046,3.25,2
16.6,0,0,1.7,Burnley,FALSE,0,0,1.82995,4.25,2
34.8,0,0,3.5,Everton,TRUE,0,0,0.870158,3,4
7.4,0,0,0.7,Southampton,TRUE,0,0,0.907103,1.5,2
28,10.1,0,3.8,Leicester,TRUE,0,0.054939274,0.775645,6,9
8.8,0,0,0.9,Bournemouth,FALSE,0,0,0.32099,2.25,7
9.2,0,0,0.9,West Ham,FALSE,0,0,0.49472,0.5,6
37.2,0,0,3.7,Southampton,FALSE,0,0,1.06276,2.5,4
4.4,0,0,0.4,Leicester,FALSE,0,0,0.492009,4.25,5
9.2,0,0,0.9,West Ham,TRUE,0,0,0.91785,3.25,1
3.2,0,0,0.3,Middlesbrough,TRUE,0,0,0.50484,3.5,6
45.2,0,0,4.5,Manchester United,TRUE,0,0,1.98688,2.75,3
15,0,0,1.5,West Bromwich Albion,FALSE,0,0,1.84983,3.75,3
22.6,0,0,2.3,Manchester City,FALSE,0,0,2.87972,1.75,2
34.4,0.1,0,3.5,Watford,FALSE,0,0,1.66308,5.75,2
26.6,1.1,0,2.8,Sunderland,TRUE,0,0,0.837361,3.25,1
5.8,0,0,0.6,Swansea,TRUE,0,0,0.11445,1.5,2
11.6,0,0,1.2,West Bromwich Albion,TRUE,0,0,0.769974,3,1
21.4,0,0,2.1,Watford,TRUE,0,0,0.641058,4,7
5,0,0,0.5,Sunderland,FALSE,0,0,0.197925,3,6
57.2,0,0,5.7,Liverpool,FALSE,0,0,2.38009,3.5,3
13.4,0,0,1.3,Swansea,FALSE,0,0,0.693376,2,1
10,0,0,1,Crystal Palace,TRUE,0,0,0.202159,3,7
10.6,0,0,1.1,Leicester,TRUE,0,0,0.672883,1.75,6
9,0,0,0.9,Chelsea,TRUE,0,0,0.800222,6,2
14.2,0,0,1.4,Stoke,FALSE,0,0,0.720883,3.25,2
10.6,0,0,1.1,Bournemouth,FALSE,0,0,0.152385,2,7
3.2,0,0,0.3,Watford,FALSE,0,0,1.21279,1.75,2
29.4,0,0,2.9,Stoke,TRUE,0,0,0.743596,2.75,8
42,0,0,4.2,Everton,FALSE,0,0,1.70366,0,3
41.6,0,0,4.2,Liverpool,TRUE,0,0,0.789939,2,4
32.4,0,0,3.2,Tottenham,FALSE,0,0,1.89002,4.25,1
13.6,0,0,1.4,Chelsea,FALSE,0,0,1.22573,3,1
1.4,0,0,0.1,Hull,FALSE,0,0,1.59037,4,2
23.6,10,0,3.4,Middlesbrough,TRUE,0,0.041096013,0.82885,3.5,9
17.6,0,0,1.8,Chelsea,TRUE,0,0,2.01134,1.75,1
3.6,0,0,0.4,Bournemouth,TRUE,0,0,0.816172,5,2
8.6,0,0,0.9,Watford,FALSE,0,0,1.40104,4,1
19.6,0,0,2,Everton,TRUE,0,0,0.808013,4.25,1
35.8,0,0,3.6,Manchester City,TRUE,0,0,2.48022,0.75,2
22,0,0,2.2,Hull,TRUE,0,0,1.1216,2.5,3
5.6,0,0,0.6,Manchester City,FALSE,0,0,1.3049,4.5,6
13.8,0,0,1.4,Burnley,TRUE,0,0,0.933851,2.75,1
5.6,0,0,0.6,West Bromwich Albion,FALSE,0,0,0.3746,4.75,6
17.8,0,0,1.8,Stoke,TRUE,0,0,0.337194,5.5,6
61.2,0,0,6.1,Bournemouth,FALSE,0,0,3.68186,2,10
24.4,0,0,2.4,Hull,FALSE,0,0,1.98818,2.5,2
10.2,0,0,1,Liverpool,FALSE,0,0,0.966335,1.5,1
10.2,0,0,1,Leicester,TRUE,0,0,2.17004,3.5,1
17.4,0,0,1.7,Middlesbrough,FALSE,0,0,1.09037,5,2
33.2,0,0,3.3,Tottenham,FALSE,0,0,1.64328,2.5,2
15.2,0,0,1.5,Southampton,TRUE,0,0,0.839989,4.5,2
22.2,0,0,2.2,Burnley,TRUE,0,0,1.18742,1.25,10
29,0,0,2.9,West Ham,FALSE,0,0,2.32174,2.75,2
29.6,0,0,3,Chelsea,TRUE,0,0,1.95538,5.25,2
23,0,0,2.3,Bournemouth,FALSE,0,0,1.00816,2.5,2
38.2,0,0,3.8,Sunderland,FALSE,0,0,1.03287,1.25,10
6.6,0,0,0.7,Watford,TRUE,0,0,0.190648,4.5,7
25.8,0,0,2.6,Liverpool,TRUE,0,0,1.94116,5.5,3
17.4,0,0,1.7,Manchester City,FALSE,0,0,3.21624,0,2
17.2,0,0,1.7,Hull,FALSE,0,0,0.268815,4,6
6,0,0,0.6,Sunderland,TRUE,0,0,1.39142,2.5,2
27.8,0,0,2.8,Southampton,FALSE,0,0,0.613743,3.75,4
45.4,0,0,4.5,Leicester,FALSE,0,0,2.47977,1.5,10
45.6,0,0,4.6,Chelsea,FALSE,0,0,2.65838,3.25,3
12.6,0,0,1.3,West Ham,TRUE,0,0,1.08385,5.75,2
6.6,0,0,0.7,Hull,FALSE,0,0,0.778704,3,1
5.2,0,0,0.5,West Bromwich Albion,TRUE,0,0,0.200297,4.25,6
14,0,0,1.4,Bournemouth,TRUE,0,0,2.06307,2.75,6
16.4,0,0,1.6,Burnley,FALSE,0,0,0.44677,2.75,8
70.6,0,0,7.1,Watford,FALSE,0,0,1.95828,4.75,5
19,0,0,1.9,Stoke,TRUE,0,0,1.36671,2.5,6
47,0,0,4.7,Leicester,FALSE,0,0,1.97444,4,3
8.4,0,0,0.8,Middlesbrough,TRUE,0,0,0.748206,3.75,6
34,0,0,3.4,Tottenham,TRUE,0,0,2.36346,3.5,2
70.8,0,0,7.1,Chelsea,FALSE,0,0,3.16805,5.5,5
10.8,0,0,1.1,Arsenal,FALSE,0,0,0.738497,4.5,1
33,0,0,3.3,Arsenal,FALSE,0,0,2.16023,3,2
23.2,0,0,2.3,Everton,TRUE,0,0,0.589122,4,3
9.4,0,0,0.9,Crystal Palace,TRUE,0,0,1.73055,2.75,2
43.6,0,0,4.4,Leicester,FALSE,0,0,0.929134,5.25,3
30,0,0,3,Sunderland,TRUE,0,0,0.7012,3,7
14.6,0,0,1.5,Burnley,FALSE,0,0,0.348885,4.5,2
33.8,0,0,3.4,Tottenham,TRUE,0,0,2.2242,5,2
13.8,0,0,1.4,Stoke,TRUE,0,0,1.17275,4,6
30,0,0,3,Southampton,FALSE,0,0,3.34327,4.5,2
28.6,0,0,2.9,Chelsea,FALSE,0,0,1.36933,3,6
4.4,0,0,0.4,Hull,TRUE,0,0,0.358364,0,2
3.8,0,0,0.4,Swansea,TRUE,0,0,0.307666,1,5
45.6,0,0,4.6,West Bromwich Albion,FALSE,0,0,2.01721,3,7
14,10,0,2.4,Watford,TRUE,0,0.02072476,0.369968,2.5,6
31.6,0,0,3.2,Manchester United,TRUE,0,0,1.6943,5.5,3
16.4,0,0,1.6,Everton,FALSE,0,0,2.64597,4,1
17.8,0,0,1.8,Liverpool,TRUE,0,0,1.02225,3.25,1
39.2,0,0,3.9,West Ham,FALSE,0,0,1.20573,5,3
21.8,0,0,2.2,Sunderland,FALSE,0,0,0.977316,0,7
25.4,0,0,2.5,Middlesbrough,FALSE,0,0,0.684683,5.25,7
24.4,10,0,3.4,Arsenal,TRUE,0,0.027925573,0.44226,3.5,7
11.4,0,0,1.1,Southampton,FALSE,0,0,0.616753,0.5,6
18.6,0,0,1.9,Sunderland,FALSE,0,0,1.14121,2,1
3.2,0,0,0.3,Chelsea,TRUE,0,0,0.132913,3.75,6
5.2,0,0,0.5,Manchester City,TRUE,0,0,2.74188,4.25,1
8.8,0,0,0.9,Bournemouth,TRUE,0,0,0.211502,3.5,6
6.8,0,0,0.7,West Ham,TRUE,0,0,1.42815,3.75,1
17.4,0,0,1.7,Crystal Palace,FALSE,0,0,1.67894,3.75,1
21.6,0,0,2.2,Hull,TRUE,0,0,1.17696,2,2
35.4,0,0,3.5,Watford,FALSE,0,0,1.22039,5.25,4
42.4,0,0,4.2,Everton,FALSE,0,0,1.67352,4.5,2
1.6,0,0,0.2,Leicester,TRUE,0,0,0.467725,3.5,1
1.4,0,0,0.1,Everton,TRUE,0,0,0.104476,0,6
33.8,0,0,3.4,Manchester City,FALSE,0,0,1.41537,3.75,11
20.8,0,0,2.1,Chelsea,FALSE,0,0,1.4438,4,1
10.8,0,0,1.1,Crystal Palace,FALSE,0,0,0.321722,5,6
28.6,0,0,2.9,Swansea,FALSE,0,0,0.475636,0,2
11.8,0,0,1.2,Middlesbrough,FALSE,0,0,0.825839,3,2
29.2,0,0,2.9,Arsenal,FALSE,0,0,0.410203,3.75,3
17.8,0,0,1.8,Stoke,TRUE,0,0,1.69454,3.75,9
31.2,0,0,3.1,Manchester United,TRUE,0,0,2.24747,4.25,2
22,0,0,2.2,Tottenham,TRUE,0,0,1.00589,3,3
27.4,0,0,2.7,Stoke,FALSE,0,0,1.35509,1.5,7
22,0,0,2.2,Swansea,TRUE,0,0,0.775713,5.75,3
6.8,0,0,0.7,Hull,TRUE,0,0,0.472435,2.75,6
35.2,0,0,3.5,Arsenal,TRUE,0,0,0.589537,4.5,8
30.4,0,0,3,Bournemouth,TRUE,0,0,1.53094,2.25,3
30.2,0,0,3,West Bromwich Albion,FALSE,0,0,0.809101,3,9
32,0,0,3.2,Manchester United,FALSE,0,0,1.99224,4.5,3
34.2,0,0,3.4,Crystal Palace,FALSE,0,0,0.633469,4.25,7
9.4,0,0,0.9,Burnley,TRUE,0,0,1.38569,3.25,1
21,0,0,2.1,Middlesbrough,FALSE,0,0,1.17715,1.75,2
37.2,0,0,3.7,Tottenham,TRUE,0,0,0.451017,3.25,10
14.4,0,0,1.4,Arsenal,FALSE,0,0,1.03986,6.5,1
65.6,0,0,6.6,Liverpool,FALSE,0,0,1.03986,3.75,16
13,0,0,1.3,Arsenal,TRUE,0,0,1.35954,6,1
33,0,0,3.3,West Ham,FALSE,0,0,2.21043,6.5,3
7.2,0,0,0.7,Bournemouth,FALSE,0,0,1.30668,2.25,1
38.2,10,0,4.8,Hull,FALSE,0,0.289589554,1.21734,2.25,9
42.8,0,0,4.3,Watford,TRUE,0,0,0.512433,3.5,11
14.6,0,0,1.5,Everton,TRUE,0,0,0.270186,4.75,6
8.6,0,0,0.9,West Bromwich Albion,TRUE,0,0,0.82853,4.5,1
48.4,0,0,4.8,Manchester City,FALSE,0,0,2.69837,1.75,2
14.2,0,0,1.4,Crystal Palace,TRUE,0,0,0.241571,0.75,6
44.2,0,0,4.4,Liverpool,TRUE,0,0,3.28962,5.75,2
10,0,0,1,Manchester United,TRUE,0,0,0.45805,6.25,6
29.6,0,0,3,Leicester,FALSE,0,0,0.725721,4.75,3
18.8,0,0,1.9,Arsenal,TRUE,0,0,2.63639,2.5,0
2,0,0,0.2,Swansea,TRUE,0,0,2.63639,3.75,1
95.4,0,0,9.5,Arsenal,FALSE,0,0,3.83905,3.75,5
39.8,0,0,4,Tottenham,TRUE,0,0,2.64912,6.25,1
22.2,0,0,2.2,Sunderland,FALSE,0,0,1.03765,5.5,8
55.4,0,0,5.5,Southampton,FALSE,0,0,1.66533,0,16
29.2,10,0,3.9,Bournemouth,FALSE,0,0.036216319,1.5499,3,2
5.6,10,0,1.6,Hull,TRUE,0,0.02102272,0.518148,2,6
6,0,0,0.6,West Bromwich Albion,TRUE,0,0,0.387741,3,2
1.6,0,0,0.2,Burnley,FALSE,0,0,1.70802,6.25,2
10,0,0,1,Stoke,TRUE,0,0,0.983464,6.25,2
19.8,0,0,2,Hull,FALSE,0,0,0.812723,4,3
39.8,0,0,4,Southampton,FALSE,0,0,1.3554,2.5,10
14,0,0,1.4,Chelsea,FALSE,0,0,2.73947,4.5,1
14,0,0,1.4,Bournemouth,TRUE,0,0,0.87072,5.75,3
15,0,0,1.5,West Ham,TRUE,0,0,1.67299,3,1
1,0,0,0.1,Manchester United,FALSE,0,0,1.0386,3,1
18,0,0,1.8,Watford,FALSE,0,0,0.826124,3.25,6
29.2,0,0,2.9,Watford,TRUE,0,0,1.85479,5.25,1
8,0,0,0.8,Manchester United,FALSE,0,0,1.01013,0,2
35,0,0,3.5,Manchester City,TRUE,0,0,1.88688,0.75,2
0.6,0,0,0.1,Arsenal,FALSE,0,0,1.89219,2.75,0
17.8,0,0,1.8,Stoke,FALSE,0,0,1.01771,2.75,6
38.2,0,0,3.8,Everton,TRUE,0,0,2.84526,4,3
43.6,0,0,4.4,Liverpool,FALSE,0,0,2.76916,4.25,2
38.6,0,0,3.9,Chelsea,TRUE,0,0,2.19035,4.25,2
14.8,0,0,1.5,Hull,TRUE,0,0,0.907116,2.75,2
13.6,0,0,1.4,West Bromwich Albion,FALSE,0,0,1.94229,3.75,0
16.8,0,0,1.7,Bournemouth,TRUE,0,0,0.389672,0.5,6
9.8,0,0,1,Watford,FALSE,0,0,1.74506,1,1
26.4,0,0,2.6,Swansea,TRUE,0,0,0.490661,2.5,7
12.8,0,0,1.3,Sunderland,TRUE,0,0,0.960821,3.5,6
51.8,10,0,6.2,Tottenham,FALSE,0,0.161428198,2.52591,2.5,4
30.8,0,0,3.1,Southampton,FALSE,0,0,2.15218,4,3
24.8,0,0,2.5,Leicester,FALSE,0,0,1.98503,1.5,2
48.2,0,0,4.8,Southampton,TRUE,0,0,2.97877,1.25,3
32.2,0,0,3.2,Swansea,FALSE,0,0,1.11096,2,3
14.4,0,0,1.4,Leicester,TRUE,0,0,0.286966,0.75,2
3.2,0,0,0.3,West Ham,FALSE,0,0,0.693818,3.75,6
14.6,0,0,1.5,Middlesbrough,FALSE,0,0,0.361508,4.5,2
19,0,0,1.9,Crystal Palace,TRUE,0,0,1.7887,3.25,1
14,0,0,1.4,West Bromwich Albion,TRUE,0,0,0.270862,0,2
6,0,0,0.6,Manchester City,TRUE,0,0,2.57704,3.25,1
26.4,0,0,2.6,Watford,TRUE,0,0,0.776105,1.75,7
11.4,10,0,2.1,Middlesbrough,TRUE,0,0.027368702,0.852603,1.5,2
58,0,0,5.8,Tottenham,FALSE,0,0,1.69975,2.75,11
24.8,0,0,2.5,Stoke,TRUE,0,0,1.20043,1.25,3
6.6,0,0,0.7,Leicester,FALSE,0,0,0.446309,3.75,6
41.4,0,0,4.1,Manchester City,TRUE,0,0,0.909513,4.25,9
33.6,0,0,3.4,West Bromwich Albion,TRUE,0,0,0.88211,2.25,6
38,0,0,3.8,Southampton,TRUE,0,0,0.920963,1.25,9
59,0,0,5.9,Manchester United,FALSE,0,0,2.80988,0.5,5
21.4,0,0,2.1,Liverpool,TRUE,0,0,2.02239,1.5,2
17.4,0,0,1.7,Arsenal,TRUE,0,0,1.85433,3,2
18.6,0,0,1.9,Crystal Palace,FALSE,0,0,1.94599,1.5,8
7,0,0,0.7,Everton,TRUE,0,0,0.144498,5.5,2
22.2,0,0,2.2,Liverpool,FALSE,0,0,0.270441,2,8
4.2,10,0,1.4,Burnley,TRUE,0,0.344677418,1.03126,4.75,2
29.2,0,0,2.9,West Bromwich Albion,FALSE,0,0,1.30365,5.75,3
25.4,0,0,2.5,Stoke,FALSE,0,0,2.29543,3.5,2
18.4,0,0,1.8,Chelsea,FALSE,0,0,3.11573,2.75,2
8.2,0,0,0.8,Sunderland,TRUE,0,0,0.587572,1.75,6
25.4,0,0,2.5,Arsenal,FALSE,0,0,3.50519,2,2
73.2,0,0,7.3,Southampton,FALSE,0,0,4.21181,3.25,5
9.8,0,0,1,Sunderland,TRUE,0,0,0.808339,3.25,6
10.2,0,0,1,Southampton,TRUE,0,0,0.563752,5.5,2
13.4,0,0,1.3,Chelsea,FALSE,0,0,2.25192,3.5,0
16.2,0,0,1.6,Manchester City,FALSE,0,0,1.15321,5.25,1
12.2,0,0,1.2,Bournemouth,FALSE,0,0,0.523371,5,6
13.2,0,0,1.3,West Ham,FALSE,0,0,1.19585,3.25,2
34.6,0,0,3.5,Crystal Palace,TRUE,0,0,1.656,2.75,3
15,0,0,1.5,Hull,FALSE,0,0,0.701606,3.25,6
10.6,0,0,1.1,Watford,TRUE,0,0,0.478578,2,6
44,0,0,4.4,Everton,TRUE,0,0,0.752795,4,4
10.6,0,0,1.1,West Ham,TRUE,0,0,0.62654,3.25,6
1,0,0,0.1,Swansea,TRUE,0,0,0.406196,3.75,6
21.6,0,0,2.2,Everton,FALSE,0,0,0.720574,0,3
5.8,0,0,0.6,Manchester United,FALSE,0,0,2.63853,0,0
29.8,0,0,3,Crystal Palace,FALSE,0,0,0.988934,0,9
7,0,0,0.7,Stoke,TRUE,0,0,0.27644,2.75,6
39.2,0,0,3.9,Arsenal,FALSE,0,0,2.54329,3.5,2
10.6,0,0,1.1,Southampton,FALSE,0,0,2.21748,2.75,6
18.4,0,0,1.8,Chelsea,FALSE,0,0,1.35651,4.5,2
22.8,0,0,2.3,Huddersfield,TRUE,0,0,1.73657,0,2
23.6,0,0,2.4,Tottenham,TRUE,0,0,1.08708,4.25,9
10.4,0,0,1,Brighton,FALSE,0,0,1.50533,3.75,2
25.2,0,0,2.5,Manchester United,FALSE,0,0,0.943496,6.25,2
0.6,0,0,0.1,Watford,FALSE,0,0,1.13448,0.75,6
52.6,0,0,5.3,Crystal Palace,FALSE,0,0,2.91672,0,3
59.2,0,0,5.9,Liverpool,FALSE,0,0,2.14257,9,8
9.8,0,0,1,Leicester,FALSE,0,0,1.36768,4,1
14.8,0,0,1.5,Everton,TRUE,0,0,0.575236,4,6
27.8,0,0,2.8,Arsenal,FALSE,0,0,2.37777,4,2
46.6,0,0,4.7,Chelsea,FALSE,0,0,1.8417,5.75,4
1.4,0,0,0.1,Burnley,TRUE,0,0,0.137743,2.75,2
14.2,0,0,1.4,Leicester,TRUE,0,0,1.39563,2.25,1
26.4,0,0,2.6,Liverpool,TRUE,0,0,2.8773,0.75,1
19,0,0,1.9,West Bromwich Albion,TRUE,0,0,0.382005,8.5,8
3,10,0,1.3,Watford,TRUE,0,0.043553364,2.05534,2.75,1
39,11,0,5,Stoke,FALSE,0,0.05652969,1.22988,3.25,2
10.4,0,0,1,Brighton,TRUE,0,0,0.874927,4,2
21,0,0,2.1,Southampton,FALSE,0,0,0.789259,2.25,8
27.4,0,0,2.7,Crystal Palace,TRUE,0,0,1.10222,0,9
32.8,0,0,3.3,Liverpool,FALSE,0,0,2.06277,2.75,2
24.4,0,0,2.4,Arsenal,FALSE,0,0,2.24246,3.75,2
24.2,0,0,2.4,Watford,FALSE,0,0,1.24547,1,2
14,0,0,1.4,Bournemouth,FALSE,0,0,1.38782,8.333333333,0
27.4,10,0,3.7,Crystal Palace,FALSE,0,0.011114573,2.02983,2.5,2
19.6,0,0,2,Manchester City,TRUE,0,0,2.40056,3.25,1
9.4,0,0,0.9,Brighton,FALSE,0,0,0.490058,1.5,1
39,0,0,3.9,Burnley,FALSE,0,0,1.5427,4,3
11.8,10,0,2.2,Swansea,TRUE,0,0.118219398,0.431402,4.25,8
13.8,0,0,1.4,Brighton,TRUE,0,0,0.565072,5.5,6
6.6,0,0,0.7,Everton,TRUE,0,0,0.147724,3,2
11.2,0,0,1.1,West Bromwich Albion,TRUE,0,0,0.71711,2.75,2
5.6,0,0,0.6,Leicester,TRUE,0,0,0.453851,1.5,2
25.8,0,0,2.6,Manchester City,TRUE,0,0,2.66178,6.25,2
8.8,0,0,0.9,Southampton,FALSE,0,0,1.97034,2.5,0
24.6,0,0,2.5,West Ham,FALSE,0,0,0.775297,2.75,3
25.4,0,0,2.5,Crystal Palace,FALSE,0,0,1.48339,0.25,2
38.4,0,0,3.8,Bournemouth,TRUE,0,0,0.449075,3.25,9
6.2,0,0,0.6,Arsenal,TRUE,0,0,1.75184,6.25,2
17.2,0,0,1.7,Stoke,TRUE,0,0,0.628292,0.5,2
11.6,0,0,1.2,Watford,FALSE,0,0,1.29277,5.5,1
60.8,0,0,6.1,Manchester City,FALSE,0,0,1.64952,2,5
7.4,0,0,0.7,Leicester,FALSE,0,0,0.924575,1.5,1
24,0,0,2.4,Everton,FALSE,0,0,1.76497,2,5
7.6,0,0,0.8,Arsenal,FALSE,0,0,4.47889,4.5,0
41.2,0,0,4.1,West Ham,TRUE,0,0,1.03658,1,13
18.8,0,0,1.9,West Bromwich Albion,FALSE,0,0,0.845327,0,1
27.4,0,0,2.7,Tottenham,TRUE,0,0,2.50552,3,2
29.4,0,0,2.9,Liverpool,TRUE,0,0,2.58757,0.75,2
61.8,0,0,6.2,Chelsea,FALSE,0,0,2.30012,4,5
10.2,0,0,1,Bournemouth,FALSE,0,0,0.915088,6.75,2
23.6,0,0,2.4,Brighton,FALSE,0,0,0.475162,0.5,9
35.2,0,0,3.5,Manchester City,FALSE,0,0,2.45603,0,2
80.8,0,0,8.1,Arsenal,FALSE,0,0,4.24057,3.5,8
33,0,0,3.3,Bournemouth,FALSE,0,0,1.11195,2.75,3
6.4,0,0,0.6,Watford,FALSE,0,0,0.352672,1.25,2
10.6,0,0,1.1,Swansea,TRUE,0,0,0.320601,0.25,3
16.8,0,0,1.7,Everton,FALSE,0,0,0.820024,2.5,1
21,0,0,2.1,Huddersfield,TRUE,0,0,0.223429,4,9
49.6,0,0,5,Chelsea,FALSE,0,0,3.07794,0.25,3
35.4,0,0,3.5,Burnley,TRUE,0,0,0.789388,2,10
10,0,0,1,Stoke,FALSE,0,0,1.24743,4.75,1
16.2,0,0,1.6,Leicester,FALSE,0,0,1.61269,5,2
13.2,0,0,1.3,Chelsea,TRUE,0,0,1.18891,0.5,5
38.6,0,0,3.9,Manchester City,TRUE,0,0,2.03041,4.5,2
37,0,0,3.7,Arsenal,TRUE,0,0,0.608352,3,3
14,0.1,0,1.4,Stoke,TRUE,0,0,0.749296,1.75,2
48.6,0,0,4.9,Tottenham,FALSE,0,0,4.01925,0.75,2
12.6,0,0,1.3,Brighton,TRUE,0,0,0.273809,0.75,6
14.8,0,0,1.5,Liverpool,FALSE,0,0,1.89569,6,2
21.6,0,0,2.2,Leicester,TRUE,0,0,0.444099,1,2
5.6,0,0,0.6,West Bromwich Albion,TRUE,0,0,0.25228,4.5,6
19,0,0,1.9,Watford,TRUE,0,0,0.819233,3.5,6
18.8,0,0,1.9,Arsenal,TRUE,0,0,1.02186,1.75,8
42.4,0,0,4.2,Bournemouth,TRUE,0,0,0.815792,4.25,11
24.8,0,0,2.5,Leicester,TRUE,0,0,2.24579,3.25,1
31.2,0,0,3.1,Brighton,TRUE,0,0,0.315616,1.75,9
5.4,0,0,0.5,Burnley,FALSE,0,0,0.360081,1.25,2
21,0,0,2.1,Chelsea,TRUE,0,0,1.8707,2.25,1
21.8,0,0,2.2,Everton,TRUE,0,0,1.38719,1.5,3
18.4,0,0,1.8,Southampton,FALSE,0,0,1.11749,4,3
37.4,0,0,3.7,Manchester City,TRUE,0,0,3.56828,5.25,2
38.4,0,0,3.8,Stoke,TRUE,0,0,0.916344,3,11
0.8,0,0,0.1,Stoke,FALSE,0,0,0.983293,3.75,6
24.6,10,0,3.5,West Bromwich Albion,FALSE,0,0.03332546,1.076,5.5,3
45.8,0,0,4.6,Chelsea,FALSE,0,0,1.29018,3,4
49.8,0,0,5,Manchester City,FALSE,0,0,4.14588,3.5,2
25.6,0,0,2.6,West Ham,TRUE,0,0,3.08244,1.75,2
18.4,0,0,1.8,Watford,FALSE,0,0,0.589103,2,2
14.2,0,0,1.4,Swansea,TRUE,0,0,0.766224,8.5,2
27.4,0,0,2.7,Crystal Palace,TRUE,0,0,2.25889,4,2
46.4,0,0,4.6,Everton,FALSE,0,0,2.01756,3.5,9
11.6,0,0,1.2,Brighton,FALSE,0,0,1.49029,5.25,6
9.2,0,0,0.9,Leicester,FALSE,0,0,1.56465,6,1
19.2,0,0,1.9,Huddersfield,TRUE,0,0,1.09381,2.75,2
23.8,0,0,2.4,Burnley,FALSE,0,0,0.159735,3.75,6
40.8,0,0,4.1,West Bromwich Albion,TRUE,0,0,2.0544,2.25,4
22.4,0,0,2.2,Southampton,FALSE,0,0,1.73805,2.5,3
44.8,0,0,4.5,Chelsea,TRUE,0,0,1.84971,5.75,9
24.2,0,0,2.4,Manchester United,TRUE,0,0,2.15281,4,2
31.2,0,0,3.1,Crystal Palace,TRUE,0,0,1.25546,4.5,3
37.2,0,0,3.7,Tottenham,TRUE,0,0,3.30947,6.25,2
5.6,0,0,0.6,Swansea,FALSE,0,0,0.304164,4.25,6
41,0,0,4.1,West Ham,TRUE,0,0,1.53269,2.5,3
0,0,0,0,Chelsea,TRUE,0,0,0.834423,4.75,1
50.2,0,0,5,Arsenal,TRUE,0,0,1.40658,2.5,11
13.4,0,0,1.3,Southampton,FALSE,0,0,2.1424,0,1
31.2,0,0,3.1,Manchester City,FALSE,0,0,1.14216,5.75,4
10.8,0,0,1.1,Brighton,TRUE,0,0,0.123075,2,6
22.4,0,0,2.2,Manchester United,TRUE,0,0,3.41021,5,1
1.6,0,0,0.2,West Bromwich Albion,TRUE,0,0,0.653058,0,2
76,0,0,7.6,Liverpool,FALSE,0,0,2.84978,0,9
54,0,0,5.4,Bournemouth,FALSE,0,0,2.84928,3.75,3
2.2,0,0,0.2,Burnley,TRUE,0,0,0.786214,5.25,1
5.2,0,0,0.5,Tottenham,FALSE,0,0,3.08413,2.5,0
24,0,0,2.4,Southampton,TRUE,0,0,0.591118,4.5,2
43.2,0,0,4.3,Huddersfield,FALSE,0,0,1.8756,4.75,4
32.2,0,0,3.2,Stoke,TRUE,0,0,1.19984,3.5,3
20.8,0,0,2.1,West Bromwich Albion,FALSE,0,0,1.18168,6.25,10
0,0,0,0,Watford,FALSE,0,0,1.43009,3.25,-1
31.4,0,0,3.1,Liverpool,FALSE,0,0,3.06422,3.75,1
21.6,0,0,2.2,Manchester United,FALSE,0,0,1.80763,4.75,1
16.2,0,0,1.6,Manchester United,FALSE,0,0,1.87247,0,8
22.4,0,0,2.2,Southampton,TRUE,0,0,0.85013,2.75,7
46.2,0,0,4.6,Chelsea,FALSE,0,0,3.09527,5.25,2
35.6,0,0,3.6,Burnley,TRUE,0,0,1.20923,4,9
36.8,0,0,3.7,Bournemouth,FALSE,0,0,1.39955,6.25,2
18.2,0,0,1.8,Brighton,TRUE,0,0,0.630058,0,7
19,0,0,1.9,Liverpool,FALSE,0,0,2.56607,2.25,2
27.6,0,0,2.8,Watford,FALSE,0,0,1.17794,3.5,3
7.8,0,0,0.8,Huddersfield,FALSE,0,0,0.049118,2.25,6
25.6,0,0,2.6,Manchester City,TRUE,0,0,1.09586,2.25,7
14.6,0,0,1.5,West Bromwich Albion,TRUE,0,0,1.61843,2.5,2
41.4,0,0,4.1,Tottenham,FALSE,0,0,1.64908,1.5,4
13,0,0,1.3,Crystal Palace,TRUE,0,0,1.34294,2,1
0,0,0,0,Everton,FALSE,0,0,1.23952,3.75,6
10.4,0,0,1,Swansea,FALSE,0,0,1.0594,2.75,6
11.2,0,0,1.1,West Ham,TRUE,0,0,0.612933,3.75,2
20.2,0,0,2,Leicester,FALSE,0,0,1.45074,5.75,1
28,0,0,2.8,Manchester United,TRUE,0,0,1.26247,6.25,2
26.4,0,0,2.6,Stoke,FALSE,0,0,1.50029,1.75,9
7.6,0,0,0.8,Huddersfield,TRUE,0,0,0.226625,2.25,6
22.8,0,0,2.3,Tottenham,TRUE,0,0,1.61843,2,2
18.2,0,0,1.8,Liverpool,TRUE,0,0,1.62514,2.25,2
11.2,10,0,2.1,Southampton,FALSE,0,0.396006882,0.445301,4,2
5.6,0,0,0.6,Huddersfield,FALSE,0,0,0.681,2.25,2
12.4,0,0,1.2,Watford,FALSE,0,0,1.67369,2.25,0
30.8,0,0,3.1,Stoke,TRUE,0,0,1.47603,5,7
3.2,0,0,0.3,Everton,TRUE,0,0,0.290345,2.75,6
44.8,0,0,4.5,Manchester United,FALSE,0,0,1.9485,5,3
12.4,0,0,1.2,West Ham,TRUE,0,0,0.986853,5.25,0
38.2,0,0,3.8,Tottenham,FALSE,0,0,4.21366,4.5,2
18.8,0,0,1.9,Swansea,TRUE,0,0,0.895774,4,2
49.2,0,0,4.9,Chelsea,FALSE,0,0,0.622946,3.25,11
10.4,0,0,1,Crystal Palace,FALSE,0,0,1.80971,2.25,2
14,0,0,1.4,Burnley,TRUE,0,0,0.907849,4.5,8
13.2,0,0,1.3,Bournemouth,TRUE,0,0,0.501886,2.75,2
5.6,0,0,0.6,Tottenham,TRUE,0,0,1.30653,2.25,2
21.6,0,0,2.2,Burnley,FALSE,0,0,0.568215,5.25,6
18.6,0,0,1.9,Huddersfield,TRUE,0,0,0.238458,3,9
34,0,0,3.4,Stoke,FALSE,0,0,0.987799,3.25,2
22.8,0,0,2.3,West Bromwich Albion,TRUE,0,0,1.34998,4,3
45.4,0,0,4.5,Manchester City,FALSE,0,0,2.5505,4.5,3
19.8,0,0,2,Watford,TRUE,0,0,0.740795,4.5,9
27.6,0,0,2.8,Liverpool,TRUE,0,0,2.19675,2.25,8
10.2,0,0,1,Manchester United,TRUE,0,0,0.860828,2.75,2
45.2,0,0,4.5,Arsenal,FALSE,0,0,3.56519,4.25,2
25.2,0,0,2.5,Brighton,FALSE,0,0,0.881174,0,7
17,0,0,1.7,Crystal Palace,TRUE,0,0,1.15809,2.5,2
9.2,0,0,0.9,Brighton,TRUE,0,0,1.07907,2.75,2
38.2,0,0,3.8,Tottenham,FALSE,0,0,2.0117,6.5,2
28.6,0,0,2.9,Manchester United,TRUE,0,0,0.817997,3.5,7
17.8,0,0,1.8,Watford,TRUE,0,0,0.740773,4.25,7
22.8,0,0,2.3,Liverpool,TRUE,0,0,2.05148,3,2
4.6,0.1,0,0.5,Leicester,TRUE,0,0,2.65018,2.25,2
12.4,0,0,1.2,Burnley,TRUE,0,0,1.22828,5.25,0
17.6,0,0,1.8,Everton,FALSE,0,0,1.53072,7,1
30.2,0,0,3,Arsenal,TRUE,0,0,1.15616,4,3
18.2,0,0,1.8,West Ham,FALSE,0,0,1.11632,4.75,2
17.6,0,0,1.8,Brighton,FALSE,0,0,1.64227,2.5,1
4.8,0,0,0.5,West Bromwich Albion,FALSE,0,0,0.876603,1.25,1
2,0,0,0.2,Huddersfield,TRUE,0,0,0.13049,5.25,6
16,0,0,1.6,Liverpool,FALSE,0,0,1.28962,3.75,1
30.8,0,0,3.1,Bournemouth,FALSE,0,0,1.91091,5.5,2
55.2,0,0,5.5,Manchester United,FALSE,0,0,1.63389,1.25,10
18.6,0,0,1.9,Arsenal,FALSE,0,0,3.19622,2.25,0
25.8,0,0,2.6,Crystal Palace,FALSE,0,0,3.00238,3.5,3
3.6,0.1,0,0.4,Swansea,TRUE,0,0,0.569943,6.75,2
17.8,0,0,1.8,Leicester,FALSE,0,0,1.48466,4,3
37,0,0,3.7,Manchester City,TRUE,0,0,2.24914,4.25,5
23.4,0,0,2.3,Watford,TRUE,0,0,0.799928,1.75,7
14,0,0,1.4,Liverpool,TRUE,0,0,2.35575,1.25,1
9.6,0,0,1,Arsenal,TRUE,0,0,0.487297,3.5,6
33,0,0,3.3,Brighton,TRUE,0,0,0.897856,5.25,3
7.6,0,0,0.8,Bournemouth,TRUE,0,0,0.433555,3.5,2
15.4,0,0,1.5,Crystal Palace,TRUE,0,0,1.65713,1.75,3
28.4,0,0,2.8,Manchester City,FALSE,0,0,2.59121,5.75,1
11,0,0,1.1,Burnley,TRUE,0,0,0.430729,4.25,6
26.8,0,0,2.7,Manchester United,TRUE,0,0,1.71995,0,9
22,0,0,2.2,Swansea,FALSE,0,0,0.843332,5,3
13.4,0,0,1.3,Everton,FALSE,0,0,1.48792,4.25,1
56.4,0,0,5.6,Liverpool,FALSE,0,0,3.9205,3,2
17.2,0,0,1.7,Burnley,FALSE,0,0,1.28178,1.5,2
37.8,0,0,3.8,Chelsea,TRUE,0,0,1.68958,4,4
22,0,0,2.2,Crystal Palace,FALSE,0,0,0.184958,3.5,7
53,0,0,5.3,Leicester,FALSE,0,0,1.12487,5.25,6
6,0,0,0.6,West Bromwich Albion,FALSE,0,0,1.50162,4,2
25,0,4,2.9,Watford,FALSE,0,0,0.606929,2,3
4,0,0,0.4,Stoke,TRUE,0,0,0.166078,3.25,2
21.4,10,0,3.1,Brighton,FALSE,0,0.018446758,3.2913,5,0
21.2,0,0,2.1,Bournemouth,FALSE,0,0,1.20646,4.5,2
34.8,10,0,4.5,Southampton,TRUE,0,0.027228795,0.65898,5.25,3
24.8,0,0,2.5,Tottenham,TRUE,0,0,1.65074,2.5,3
24.6,0,0,2.5,Swansea,FALSE,0,0,2.30838,3,1
20.8,0,0,2.1,Stoke,TRUE,0,0,0.385303,1.5,7
18.2,0,0,1.8,Crystal Palace,FALSE,0,0,0.74138,3.5,1
21.4,0,0,2.1,Huddersfield,TRUE,0,0,0.138106,5.25,7
37.2,0,0,3.7,Southampton,FALSE,0,0,0.982895,4.5,11
34.8,0,0,3.5,Tottenham,FALSE,0,0,1.63794,4,2
51,0,0,5.1,Burnley,FALSE,0,0,2.33524,2,3
12.6,0,0,1.3,Bournemouth,TRUE,0,0,1.4035,1.5,1
10.4,0,0,1,West Ham,TRUE,0,0,0.497211,3,2
11.4,0,0,1.1,Liverpool,FALSE,0,0,1.56935,3.666666667,1
27,0,0,2.7,Everton,TRUE,0,0,1.79993,5.5,3
25,0,0,2.5,Manchester United,TRUE,0,0,1.25439,2.75,2
27,0,0,2.7,Leicester,TRUE,0,0,0.670573,3.25,7
42,0,0,4.2,Huddersfield,FALSE,0,0,1.51605,0,11
22.4,0,0,2.2,Burnley,TRUE,0,0,0.670943,5.25,2
10,0,0,1,West Bromwich Albion,FALSE,0,0,0.875132,5.5,2
14.6,0,0,1.5,Southampton,TRUE,0,0,0.795911,4,6
31.4,0,0,3.1,Chelsea,FALSE,0,0,1.16991,2.25,2
54.8,0,0,5.5,Manchester United,FALSE,0,0,2.73725,1.5,9
22,0,0,2.2,Crystal Palace,FALSE,0,0,0.818951,2.75,7
33.4,0,0,3.3,Tottenham,FALSE,0,0,2.3497,0,3
11,0,0,1.1,Swansea,TRUE,0,0,0.966783,2.75,1
12.6,0,0,1.3,Liverpool,TRUE,0,0,0.777089,3.5,2
20.2,0,0,2,Bournemouth,FALSE,0,0,1.17387,5.5,2
26.4,0,0,2.6,Manchester City,TRUE,0,0,1.64562,5.5,2
0.4,0,0,0,Burnley,TRUE,0,0,1.41929,0.5,1
1.8,0,0,0.2,Swansea,TRUE,0,0,0,3,6
27.2,0,0,2.7,Brighton,TRUE,0,0,0.321797,2.75,7
6,0,0,0.6,West Bromwich Albion,FALSE,0,0,0.360925,3.25,2
29.6,0,0,3,Huddersfield,FALSE,0,0,1.39381,3.75,9
14.4,0,0,1.4,Southampton,TRUE,0,0,0.496723,3,6
28.8,0,0,2.9,West Ham,FALSE,0,0,0.72673,2.25,9
40.8,0,0,4.1,Chelsea,FALSE,0,0,3.87829,1.75,3
42.4,0,0,4.2,Everton,TRUE,0,0,2.97881,5.25,3
23.4,0,0,2.3,Crystal Palace,TRUE,0,0,2.74705,4,2
16.8,0,0,1.7,Stoke,FALSE,0,0,0.894266,3.75,3
8.2,0,0,0.8,Huddersfield,FALSE,0,0,0.220381,2.25,6
15.8,0,0,1.6,West Ham,FALSE,0,0,1.44971,2.5,1
20,0,0,2,Swansea,TRUE,0,0,0.138813,3.5,6
19.2,0,0,1.9,Chelsea,FALSE,0,0,1.209,4.5,3
54.6,0,0,5.5,Arsenal,FALSE,0,0,3.56649,4.5,3
2.2,0,0,0.2,Southampton,TRUE,0,0,0.446641,0.75,6
6,0,0,0.6,Manchester City,TRUE,0,0,1.91312,3.75,1
37.8,0,0,3.8,Brighton,FALSE,0,0,1.60322,3.5,15
22.6,0,0,2.3,Manchester United,FALSE,0,0,2.14368,4.5,2
3,0,0,0.3,Huddersfield,TRUE,0,0,0.280847,4.5,6
19.4,0,0,1.9,West Bromwich Albion,FALSE,0,0,0.394723,3.75,1
25.6,0,0,2.6,Liverpool,TRUE,0,0,1.72037,3,2
20.4,0,0,2,Tottenham,TRUE,0,0,1.3895,0,2
26,0,0,2.6,Arsenal,FALSE,0,0,1.58895,2.25,2
35.2,0,0,3.5,Manchester City,FALSE,0,0,3.42967,4,2
18,0,0,1.8,Stoke,FALSE,0,0,1.40115,3.5,3
19.8,0,0,2,Tottenham,TRUE,0,0,1.79894,2.5,1
38.8,0,0,3.9,Chelsea,FALSE,0,0,2.12073,2.25,3
27,10,0,3.7,Brighton,FALSE,0,0.03744835,1.53244,4,1
21.2,0,0,2.1,Liverpool,TRUE,0,0,0.947321,3.25,10
15.6,0,0,1.6,West Bromwich Albion,FALSE,0,0,1.22912,5,2
1.8,0,0,0.2,Leicester,FALSE,0,0,1.09224,3.75,2
30.6,0,0,3.1,Watford,FALSE,0,0,1.36685,3.25,3
13,0,0,1.3,Bournemouth,FALSE,0,0,2.09227,3,2
14.6,0,0,1.5,Chelsea,TRUE,0,0,1.99812,1,1
18.4,0,0,1.8,Leicester,FALSE,0,0,0.515248,1.25,8
16.6,0,0,1.7,Bournemouth,FALSE,0,0,1.18301,3.25,6
15.2,0,0,1.5,Manchester City,TRUE,0,0,1.54485,2.5,1
28.8,0,0,2.9,Brighton,FALSE,0,0,0.988099,2.25,4
29,0,0,2.9,West Ham,FALSE,0,0,0.807456,2.25,3
25,0,0,2.5,Stoke,TRUE,0,0,1.41085,3,3
14.4,0,0,1.4,Watford,TRUE,0,0,0.306273,2.75,7
31.2,0,0,3.1,Swansea,FALSE,0,0,1.19751,5.25,4
23.8,0,0,2.4,Everton,TRUE,0,0,1.61456,5,3
11.6,0,0,1.2,Arsenal,TRUE,0,0,1.41538,3.75,2
41.6,0,0,4.2,Leicester,TRUE,0,0,0.663817,3.25,4
34.8,0,0,3.5,Chelsea,TRUE,0,0,1.7717,4.25,2
5.6,0,0,0.6,Brighton,TRUE,0,0,1.54485,3.25,0
44.6,0,0,4.5,Burnley,TRUE,0,0,1.61309,2.5,5
24.4,10,0,3.4,Arsenal,FALSE,0,0.04328325,2.07299,3.25,1
69.8,0,0,7,Manchester City,FALSE,0,0,3.41675,4,9
1.4,0,0,0.1,Everton,FALSE,0,0,0.948534,4,2
18.4,0,0,1.8,Stoke,FALSE,0,0,0.356095,2.5,2
29.8,0,0,3,Watford,FALSE,0,0,0.59455,2.5,10
28,0,0,2.8,Manchester City,TRUE,0,0,2.29076,0,1
40,0,0,4,Bournemouth,TRUE,0,0,1.01741,3,3
18.4,0,0,1.8,Arsenal,TRUE,0,0,0.651541,4.25,2
46,0,0,4.6,Watford,TRUE,0,0,1.36928,2.75,9
18,0,0,1.8,Liverpool,FALSE,0,0,2.11658,3,6
26.8,0,0,2.7,Everton,TRUE,0,0,0.943754,3,2
14.2,0,0,1.4,Huddersfield,FALSE,0,0,0.56538,5.25,6
18.8,0,0,1.9,Chelsea,TRUE,0,0,1.45426,4,2
12.4,0,0,1.2,West Bromwich Albion,TRUE,0,0,0.703096,3,2
18,0,0,1.8,Brighton,TRUE,0,0,0.378409,2.75,6
1.4,0,0,0.1,Leicester,TRUE,0,0,0.941395,3.5,6
34,0,0,3.4,Manchester United,TRUE,0,0,0.596075,2.25,11
13.2,0,0,1.3,Everton,FALSE,0,0,1.0138,3.5,2
15,0,0,1.5,Swansea,FALSE,0,0,0.389621,3.5,8
23.4,0,0,2.3,Brighton,TRUE,0,0,1.00939,0,2
14.6,0,0,1.5,West Ham,FALSE,0,0,0.783043,3.5,6
4.2,0,0,0.4,Crystal Palace,TRUE,0,0,1.31471,3.75,1
18.8,0,0,1.9,Manchester City,FALSE,0,0,0.806168,3,6
33.8,0,0,3.4,Chelsea,FALSE,0,0,2.25256,4,2
24,0,0,2.4,Southampton,TRUE,0,0,0.634996,6.5,3
32.8,0,0,3.3,Bournemouth,FALSE,0,0,0.634996,4,3
54.8,0,0,5.5,Southampton,TRUE,0,0,1.48865,4.25,4
68.2,0,0,6.8,Watford,FALSE,0,0,0.969481,2,11
43.4,0,0,4.3,Tottenham,FALSE,0,0,0.835241,4.25,4
18.2,0,0,1.8,Arsenal,FALSE,0,0,2.92408,3.5,1
9.8,0,0,1,Stoke,FALSE,0,0,0.750175,4.5,2
9.6,0,0,1,Huddersfield,TRUE,0,0,0.631021,0,2
43.4,0,0,4.3,Everton,TRUE,0,0,1.67867,5,4
11,0,0,1.1,Manchester City,TRUE,0,0,0.765614,5.25,2
19.2,0,0,1.9,Southampton,FALSE,0,0,0.506624,0.5,7
48.2,0,0,4.8,Leicester,TRUE,0,0,1.27359,5.75,1
75,0,0,7.5,Swansea,FALSE,0,0,1.70936,3.75,8
23,0,0,2.3,Arsenal,TRUE,0,0,2.3322,4.25,3
1.4,0,0,0.1,West Ham,FALSE,0,0,1.18299,4.75,1
43.6,0,0,4.4,Stoke,TRUE,0,0,1.75436,4.5,9
19,0,0,1.9,Chelsea,TRUE,0,0,0.843284,4.75,6
28.2,0,0,2.8,Bournemouth,TRUE,0,0,1.38551,2.75,2
26.4,0,0,2.6,Watford,TRUE,0,0,0.654288,0,7
7.4,0,0,0.7,West Bromwich Albion,TRUE,0,0,0.216004,4.5,6
17.8,0,0,1.8,Stoke,FALSE,0,0,1.49928,2.75,2
7,0,0,0.7,Watford,TRUE,0,0,0.57794,0,1
7.6,0,0,0.8,Everton,FALSE,0,0,1.15144,5,6
48.4,10,0,5.8,Manchester United,TRUE,0,0.024044722,1.96635,5,3
9.8,0,0,1,Huddersfield,TRUE,0,0,0.339338,0,6
7.4,0,0,0.7,West Ham,FALSE,0,0,1.94969,3.25,1
26.4,0,0,2.6,Tottenham,TRUE,0,0,2.17535,4,2
23,0,0,2.3,Chelsea,TRUE,0,0,1.03943,0,2
9.4,0,0,0.9,Burnley,FALSE,0,0,0.429329,6,2
22.6,0,0,2.3,Everton,TRUE,0,0,1.06298,2.75,7
25.6,0,0,2.6,Crystal Palace,FALSE,0,0,2.03243,0.25,7
2.6,0,0,0.3,Swansea,TRUE,0,0,0.154074,4.25,6
10.6,0,0,1.1,West Bromwich Albion,FALSE,0,0,0.781891,1.5,6
5.4,0,0,0.5,Leicester,TRUE,0,0,1.24181,3,2
26.8,0,0,2.7,Manchester United,FALSE,0,0,3.28722,3,1
21.8,0,0,2.2,Huddersfield,FALSE,0,0,0.700349,0.5,2
49.4,0,0,4.9,Tottenham,FALSE,0,0,1.17894,5,11
54.6,0,0,5.5,Liverpool,FALSE,0,0,2.18727,2.75,4
19.6,0,0,2,Southampton,TRUE,0,0,1.11428,4,3
18.2,0,0,1.8,Southampton,FALSE,0,0,0.802062,3.75,8
19.6,0,0,2,Manchester United,TRUE,0,0,1.07247,2,3
22.2,0,0,2.2,West Ham,FALSE,0,0,0.67667,5.25,1
2.6,0,0,0.3,Chelsea,TRUE,0,0,1.59815,3.25,0
14.4,0,0,1.4,Tottenham,TRUE,0,0,1.45327,3,1
19.8,0,0,2,Burnley,FALSE,0,0,0.369454,2,7
20.8,10,0,3.1,Bournemouth,TRUE,0,0.012047105,0.384728,1.75,3
23.6,0,0,2.4,Liverpool,TRUE,0,0,1.92902,1,2
13.4,0,0,1.3,Watford,TRUE,0,0,1.25817,7,1
15.4,0,0,1.5,Huddersfield,TRUE,0,0,0.312561,2.25,6
32.2,0,0,3.2,Manchester City,FALSE,0,0,5.72543,3.25,1
10.8,0,0,1.1,Crystal Palace,TRUE,0,0,0.244321,4.25,6
49.2,0,0,4.9,Stoke,FALSE,0,0,2.68136,2.75,9
11.2,0,0,1.1,Huddersfield,FALSE,0,0,0.196648,3.5,6
18.8,0,0,1.9,Southampton,TRUE,0,0,1.42781,3,2
6.4,0,0,0.6,Swansea,TRUE,0,0,0.178568,3.25,6
24.6,0,0,2.5,Tottenham,TRUE,0,0,1.56089,3.25,1
11.6,0,0,1.2,Burnley,TRUE,0,0,0.383977,1.75,2
23.2,0,0,2.3,Bournemouth,FALSE,0,0,1.39901,1.5,10
21,0,0,2.1,West Ham,FALSE,0,0,0.692185,6.25,3
34.4,10,0,4.4,Everton,FALSE,0,0.033071101,0.93376,3.5,9
26.2,0,0,2.6,Manchester United,FALSE,0,0,3.47508,3,1
33.8,0,0,3.4,Liverpool,FALSE,0,0,1.92702,5.75,9
23.2,0,0,2.3,Bournemouth,TRUE,0,0,0.17504,4.75,6
18.2,0,0,1.8,Manchester City,FALSE,0,0,4.45388,1.5,0
45.4,10,0,5.5,Burnley,FALSE,0,0.550865352,0.70219,4.75,9
10.4,10,0,2,Swansea,FALSE,0,0.011268807,1.65446,2.75,1
16.2,0,0,1.6,Brighton,FALSE,0,0,1.05884,2,2
2.8,0,0,0.3,West Bromwich Albion,TRUE,0,0,0.155254,4,2
13.6,0,0,1.4,Huddersfield,TRUE,0,0,0.596086,4.75,6
25.4,0,0,2.5,West Ham,TRUE,0,0,0.835192,5.25,4
13.8,0,0,1.4,Huddersfield,FALSE,0,0,1.26744,7.5,1
13.8,0,0,1.4,West Bromwich Albion,TRUE,0,0,0.504128,5,6
40.4,0,0,4,Liverpool,TRUE,0,0,0.667771,4.75,4
11.4,0,0,1.1,Bournemouth,TRUE,0,0,1.11834,0.75,1
18.6,0,0,1.9,Brighton,TRUE,0,0,1.98345,5.5,1
33.6,10,0,4.4,Manchester United,TRUE,0,0.565615714,0.807135,2.75,5
66.6,0,0,6.7,Arsenal,TRUE,0,0,3.86029,2,3
22.2,0,0,2.2,Swansea,FALSE,0,0,0.559618,4,3
35.8,0,0,3.6,Leicester,TRUE,0,0,1.80814,5.25,2
46.6,0,0,4.7,Manchester City,FALSE,0,0,3.71812,5.75,3
46,0,0,4.6,Burnley,TRUE,0,0,1.40827,0,11
27,0,0,2.7,Southampton,FALSE,0,0,1.01994,4.25,7
25.6,0,4,3,Manchester United,FALSE,0.080715068,0,1.5137,4.25,2
30.4,0,0,3,Liverpool,FALSE,0,0,4.34421,3,1
33,0,0,3.3,Tottenham,TRUE,0,0,2.58097,5.75,2
42.6,0,0,4.3,Fulham,FALSE,0,0,0.638076,0.5,9
33.8,0,0,3.4,Everton,FALSE,0,0,2.02004,2.75,2
17.8,0,0,1.8,Fulham,TRUE,0,0,1.44253,4.5,2
20.2,0,0,2,Watford,TRUE,0,0,1.9171,5.75,2
18.6,0,0,1.9,Southampton,TRUE,0,0,1.77471,2,3
25.4,0,0,2.5,Bournemouth,TRUE,0,0,1.69077,3,2
0,0,0,0,Cardiff,FALSE,0,0,1.15521,5.75,6
30.2,0,0,3,Liverpool,TRUE,0,0,2.82183,2.5,2
23.6,0,0,2.4,Leicester,TRUE,0,0,0.517935,3.25,2
31.6,0,0,3.2,Manchester United,FALSE,0,0,1.40321,3.5,7
29,0,0,2.9,Bournemouth,FALSE,0,0,2.5887,2.25,2
33,0,0,3.3,Southampton,FALSE,0,0,0.542494,3.25,3
59.2,0,0,5.9,Arsenal,FALSE,0,0,1.7852,2.75,5
17.6,0,0,1.8,Chelsea,TRUE,0,0,1.49669,4.5,1
23,0,0,2.3,Watford,FALSE,0,0,1.14596,2.75,2
33.8,0,0,3.4,Crystal Palace,FALSE,0,0,2.35193,3.75,8
74.2,0,0,7.4,Manchester United,TRUE,0,0,2.90359,3,10
3.6,0,0,0.4,Everton,FALSE,0,0,0.616013,3.5,2
30.2,0,0,3,Huddersfield,TRUE,0,0,0.660035,2.25,3
16.2,0,0,1.6,Liverpool,TRUE,0,0,1.22722,3.5,1
46.8,0,0,4.7,Brighton,FALSE,0,0,2.68216,0,7
47.4,0,0,4.7,Manchester City,FALSE,0,0,2.46904,3.75,3
60.8,0,0,6.1,Southampton,TRUE,0,0,3.13612,3.25,8
14.2,0,0,1.4,Brighton,TRUE,0,0,1.97094,5.75,0
12.2,0,0,1.2,Crystal Palace,TRUE,0,0,0.746631,2.75,2
8,0,0,0.8,West Ham,TRUE,0,0,1.52437,2.25,1
11,0,0,1.1,Bournemouth,FALSE,0,0,2.22726,3,-1
23.2,0,0,2.3,Everton,FALSE,0,0,1.26774,2.75,3
47.2,0,0,4.7,Manchester City,FALSE,0,0,4.91621,1.75,3
3.4,0,0,0.3,Arsenal,TRUE,0,0,0.90461,3,1
17.8,0,0,1.8,Huddersfield,FALSE,0,0,0.87744,5.25,6
6,0,0,0.6,Liverpool,FALSE,0,0,1.77893,3,1
33.2,0,0,3.3,Bournemouth,TRUE,0,0,0.976413,4.25,9
37.2,10,0,4.7,Leicester,FALSE,0,0.010482896,1.80404,3.25,2
18.4,0,0,1.8,Arsenal,FALSE,0,0,0.930544,2.25,2
11.8,0,0,1.2,Huddersfield,TRUE,0,0,0.688176,2.25,2
38.4,0,0,3.8,Chelsea,TRUE,0,0,1.88344,3.25,11
39.4,0,0,3.9,Watford,TRUE,0,0,1.76133,2.5,3
25.4,0,0,2.5,Crystal Palace,FALSE,0,0,0.930793,2.75,10
21.4,0,0,2.1,Brighton,FALSE,0,0,0.817174,0,3
23.6,0,0,2.4,Cardiff,FALSE,0,0,1.56707,6,3
35.4,0,0,3.5,Tottenham,TRUE,0,0,2.33733,3.75,2
3.4,0,0,0.3,Fulham,TRUE,0,0,0.536317,2,6
21.4,0,0,2.1,Manchester United,TRUE,0,0,0.865739,5.5,3
20.4,0,0,2,Everton,FALSE,0,0,2.31538,3.25,2
25,0,0,2.5,Leicester,TRUE,0,0,1.34341,3.75,2
34.2,0,0,3.4,Huddersfield,FALSE,0,0,0.339245,0.75,7
26.2,0,0,2.6,Bournemouth,FALSE,0,0,1.97143,6,2
22.2,0,0,2.2,Chelsea,TRUE,0,0,3.54699,2.75,2
21.6,0,0,2.2,Fulham,FALSE,0,0,1.31588,0.5,3
38,0,0,3.8,Cardiff,TRUE,0,0,1.13843,0,9
7.6,0,0,0.8,Huddersfield,TRUE,0,0,1.02549,6.25,2
21.2,0,0,2.1,Burnley,FALSE,0,0,0.353128,2,2
10,0,0,1,Leicester,FALSE,0,0,1.10472,3,2
43,0,0,4.3,Everton,TRUE,0,0,1.14952,2,3
20,0,0,2,Brighton,FALSE,0,0,1.02566,5,3
21,0,0,2.1,Arsenal,TRUE,0,0,1.13706,3.75,0
46,0,0,4.6,Manchester United,FALSE,0,0,2.40631,4,3
18.8,0,0,1.9,Bournemouth,FALSE,0,0,0.840403,1.25,6
16.2,0,0,1.6,Leicester,TRUE,0,0,0.932491,1.25,2
32,0,0,3.2,West Ham,FALSE,0,0,0.544268,2.25,8
43,0,0,4.3,Manchester City,FALSE,0,0,4.48577,4.25,1
14.2,10,0,2.4,Liverpool,TRUE,0,0.017544683,0.663819,2,2
40,0,0,4,Crystal Palace,TRUE,0,0,1.50174,2.75,15
23,0,0,2.3,Arsenal,FALSE,0,0,2.91637,2.5,2
11.8,0,0,1.2,Tottenham,TRUE,0,0,1.11777,5,2
16,0,0,1.6,Cardiff,FALSE,0,0,1.7562,2,0
15.4,0,0,1.5,Brighton,TRUE,0,0,0.675798,4,2
17.6,0,0,1.8,Everton,FALSE,0,0,1.92794,4.5,1
9.2,0,0,0.9,Crystal Palace,FALSE,0,0,2.38115,1.75,1
32.6,0,0,3.3,Manchester City,TRUE,0,0,1.93588,4.25,3
34.4,0,0,3.4,Chelsea,TRUE,0,0,3.01621,3.75,1
24.4,0,0,2.4,Watford,FALSE,0,0,2.29622,2,2
79,0,0,7.9,Manchester United,FALSE,0,0,2.51393,6.25,11
19.8,0,0,2,West Ham,TRUE,0,0,1.56009,3.25,2
50.4,0,0,5,Leicester,FALSE,0,0,1.95344,4.75,6
32,0,0,3.2,Southampton,FALSE,0,0,1.19216,4.25,9
1.2,0,0,0.1,Arsenal,TRUE,0,0,0.845197,3.25,1
24.6,0,0,2.5,Manchester City,FALSE,0,0,2.76272,4,0
23.6,0,0,2.4,Liverpool,TRUE,0,0,1.19558,2,3
27,0,0,2.7,West Ham,FALSE,0,0,2.55739,1.75,1
14.2,0,0,1.4,Fulham,TRUE,0,0,0.354166,2,6
14,0,0,1.4,Brighton,TRUE,0,0,0.676348,8.5,2
19.4,0,0,1.9,Cardiff,FALSE,0,0,0.922262,3.25,8
11.2,0,0,1.1,Burnley,TRUE,0,0,0.882514,3.5,1
11.2,0,0,1.1,Watford,TRUE,0,0,2.5452,4,6
17.8,0,0,1.8,Chelsea,FALSE,0,0,1.88741,1.5,2
37.6,0,0,3.8,Watford,TRUE,0,0,1.07573,3.5,5
35.4,0,0,3.5,Crystal Palace,FALSE,0,0,0.688016,5.5,9
23.8,0,0,2.4,Leicester,FALSE,0,0,1.5091,1.25,10
20.8,0,0,2.1,West Ham,TRUE,0,0,1.44113,3,2
26.8,0,0,2.7,Chelsea,FALSE,0,0,1.16298,7.5,7
15.4,0,0,1.5,Burnley,TRUE,0,0,0.368393,3.75,6
45.2,0,0,4.5,Huddersfield,FALSE,0,0,1.17524,3,5
22.4,0,0,2.2,Bournemouth,TRUE,0,0,1.91687,5,3
7.8,0,0,0.8,Tottenham,TRUE,0,0,1.55381,1.5,2
18.8,0,0,1.9,Fulham,FALSE,0,0,1.3875,4.25,1
31.8,0,0,3.2,Bournemouth,FALSE,0,0,0.650884,2.5,3
8.8,0,0,0.9,Chelsea,TRUE,0,0,0.962804,5.5,2
7.8,0,0,0.8,Cardiff,TRUE,0,0,0.879108,8.75,6
21.4,0,0,2.1,Brighton,FALSE,0,0,0.862315,4.5,2
22,0,0,2.2,Manchester City,TRUE,0,0,2.95852,3.5,0
32.2,0,0,3.2,Burnley,FALSE,0,0,1.49487,5,3
34.4,0,0,3.4,Manchester United,FALSE,0,0,1.34245,1.5,10
18.2,0,0,1.8,Manchester United,TRUE,0,0,0.904803,3,2
23.4,0,0,2.3,Tottenham,TRUE,0,0,1.0926,2.75,2
18.8,0,0,1.9,Arsenal,FALSE,0,0,2.71421,4,0
53.4,0,0,5.3,Crystal Palace,FALSE,0,0,2.03785,3.25,3
31.4,0,0,3.1,Brighton,TRUE,0,0,1.67998,4,2
15.4,0,0,1.5,Liverpool,FALSE,0,0,3.07574,6.5,2
3.6,0,0,0.4,Watford,TRUE,0,0,1.19923,4.5,6
11.8,0,0,1.2,West Ham,TRUE,0,0,2.62697,5.25,1
3.2,0,0,0.3,Burnley,TRUE,0,0,0.302477,3.75,6
33,0,0,3.3,Tottenham,FALSE,0,0,1.73642,2,2
24.6,0,0,2.5,Manchester United,FALSE,0,0,1.33679,3,2
28.2,0,0,2.8,Southampton,TRUE,0,0,1.82434,3.25,3
50,0,0,5,Liverpool,TRUE,0,0,2.73897,3.75,3
6.8,0,0,0.7,Bournemouth,FALSE,0,0,1.07393,4,1
42.2,0,0,4.2,Fulham,FALSE,0,0,1.47593,5.5,5
35.8,0,0,3.6,Cardiff,TRUE,0,0,1.93448,3.5,9
19.6,0,0,2,Everton,FALSE,0,0,2.10943,3.25,2
2.4,0,0,0.2,Brighton,FALSE,0,0,1.2521,5,1
27.6,0,0,2.8,Cardiff,FALSE,0,0,1.55832,2.5,3
6.4,0,0,0.6,Huddersfield,TRUE,0,0,0.308361,2.75,7
17.6,0,0,1.8,Leicester,FALSE,0,0,0.357742,3.5,7
10.2,0,0,1,Brighton,TRUE,0,0,0.951507,4.25,7
10.2,0.3,0,1.1,Arsenal,FALSE,0,0,2.02156,2.75,2
14.6,0,0,1.5,Watford,TRUE,0,0,1.63043,4.5,1
2,0,0,0.2,Tottenham,TRUE,0,0,0.917968,4.75,1
15.6,0,0,1.6,Crystal Palace,TRUE,0,0,0.934613,5.5,1
18,0,0,1.8,West Ham,FALSE,0,0,1.53635,4.75,2
17.4,0,0,1.7,Arsenal,TRUE,0,0,1.85763,2,1
20.6,0,0,2.1,Southampton,FALSE,0,0,1.21163,3.5,2
1.8,0,0,0.2,Burnley,TRUE,0,0,0.451196,3,6
19.4,0,0,1.9,Tottenham,FALSE,0,0,1.74625,3.5,2
23.4,0,0,2.3,Manchester City,FALSE,0,0,1.79848,3,2
4.6,0,0,0.5,Crystal Palace,FALSE,0,0,0.39698,3.5,2
28.2,0,0,2.8,Fulham,FALSE,0,0,1.03424,4.5,9
26.2,0,0,2.6,Huddersfield,FALSE,0,0,0.671382,2,9
17.4,0,0,1.7,Leicester,TRUE,0,0,0.895305,0,5
25,0,0,2.5,Huddersfield,FALSE,0,0,1.0038,2,3
13.2,0,0,1.3,Burnley,TRUE,0,0,1.03237,3.25,2
13.4,0,0,1.3,Everton,FALSE,0,0,1.00121,4,1
23.6,0,0,2.4,Arsenal,FALSE,0,0,1.4656,3.75,2
23.6,0,0,2.4,Southampton,TRUE,0,0,2.60172,2,2
15,0,0,1.5,Tottenham,TRUE,0,0,2.55514,2,-1
33.4,0,0,3.3,Chelsea,FALSE,0,0,2.40458,3.5,10
25.2,0,0,2.5,Watford,TRUE,0,0,2.32983,6.75,2
16.6,0,0,1.7,Fulham,TRUE,0,0,0.245408,3.5,6
15.8,0,0,1.6,Manchester City,FALSE,0,0,1.27118,1.25,1
22,0,0,2.2,West Ham,TRUE,0,0,1.26973,2.25,2
22,0,0,2.2,Brighton,FALSE,0,0,1.38502,3.25,2
39.4,0,0,3.9,Bournemouth,TRUE,0,0,1.21736,4.25,7
18.2,0,0,1.8,Everton,TRUE,0,0,1.8875,3.5,0
41.8,0,0,4.2,Manchester United,FALSE,0,0,1.79848,2,3
15.8,0,0,1.6,Burnley,FALSE,0,0,1.88646,1.25,2
19,0,0,1.9,Manchester City,TRUE,0,0,1.34781,4.5,3
30,10,0,4,Southampton,FALSE,0,0.054173682,1.28665,5.25,3
33.2,0,0,3.3,Liverpool,FALSE,0,0,3.24988,4.75,1
26.6,0,0,2.7,Cardiff,TRUE,0,0,1.05926,1.5,9
33.8,0,0,3.4,Manchester City,TRUE,0,0,2.96802,2.25,2
37.8,0,0,3.8,Liverpool,FALSE,0,0,3.7053,3.25,1
31.2,0,0,3.1,Everton,TRUE,0,0,0.655851,0,9
61.2,0,0,6.1,Fulham,FALSE,0,0,1.72386,2.5,11
15.6,0,0,1.6,Brighton,FALSE,0,0,1.60311,1,2
16.4,0,0,1.6,Cardiff,TRUE,0,0,0.493212,4,2
28,0,0,2.8,Burnley,FALSE,0,0,2.89884,3.75,2
26.2,0,0,2.6,Watford,FALSE,0,0,1.05566,4.5,3
35.2,20,0,5.5,West Ham,TRUE,0,0.041520711,0.656044,0,9
18.4,0,0,1.8,Chelsea,TRUE,0,0,0.741471,3.75,3
45.8,0,0,4.6,Chelsea,FALSE,0,0,0.850791,0,11
28.2,0,0,2.8,Fulham,TRUE,0,0,1.71312,1.75,3
21.8,0,0,2.2,West Ham,FALSE,0,0,0.639356,2.25,2
28.4,0,0,2.8,Cardiff,FALSE,0,0,1.0789,3.75,7
47,0,0,4.7,Burnley,TRUE,0,0,2.66309,4.75,3
20,0,0,2,Leicester,TRUE,0,0,0.644144,1.25,3
18,0,0,1.8,Everton,FALSE,0,0,0.871304,4.25,6
27.2,0,0,2.7,Brighton,TRUE,0,0,0.686806,4,2
31.4,0,0,3.1,Manchester United,TRUE,0,0,2.6754,4.75,2
6.2,0,0,0.6,Huddersfield,FALSE,0,0,0.621818,2.25,1
26.4,0,0,2.6,Leicester,FALSE,0,0,1.75983,1.75,3
17.2,0,0,1.7,West Ham,FALSE,0,0,0.669394,2,2
13.8,0,0,1.4,Liverpool,TRUE,0,0,2.2665,2.75,2
55.8,0,0,5.6,Manchester United,TRUE,0,0,0.957777,4,4
6.2,0,0,0.6,Cardiff,FALSE,0,0,0.124558,4.75,6
55.4,0,0,5.5,Bournemouth,TRUE,0,0,1.52828,1.5,9
12.2,0,0,1.2,Southampton,TRUE,0,0,1.41659,5.25,1
23.8,0,0,2.4,Arsenal,TRUE,0,0,0.685895,2.25,9
31.6,0,0,3.2,Chelsea,FALSE,0,0,1.32355,3,2
11.8,0,0,1.2,Fulham,TRUE,0,0,0.903255,2.5,2
9,0,0,0.9,Everton,TRUE,0,0,1.31169,1.75,2
11.4,0,0,1.1,Chelsea,TRUE,0,0,0.755304,2,6
22.4,0,0,2.2,Manchester United,FALSE,0,0,2.64005,3.25,2
36,0,0,3.6,Fulham,FALSE,0,0,0.937902,4.75,3
11,0,0,1.1,Manchester City,TRUE,0,0,2.01376,5.75,1
23.2,0,0,2.3,Southampton,FALSE,0,0,1.06009,4,2
16.6,0,0,1.7,Bournemouth,FALSE,0,0,1.24835,4,2
11.6,0,0,1.2,Cardiff,TRUE,0,0,0.255727,2,6
30,0,0,3,Watford,FALSE,0,0,1.06981,3,8
7.4,0,0,0.7,Crystal Palace,TRUE,0,0,1.53294,1.75,2
8.4,0,0,0.8,Cardiff,TRUE,0,0,0.597893,3,2
5.2,0,0,0.5,Watford,TRUE,0,0,0.479838,3.75,2
29.4,0,0,2.9,Everton,TRUE,0,0,1.05995,5.25,3
15.2,0,0,1.5,Huddersfield,FALSE,0,0,0.73078,4,8
17.4,0,0,1.7,Liverpool,FALSE,0,0,0.576336,2.5,2
17.6,0,0,1.8,Manchester City,TRUE,0,0,1.33896,3.25,2
42.8,0,0,4.3,Manchester United,FALSE,0,0,3.23417,5,3
16,0,0,1.6,Southampton,FALSE,0,0,1.33257,2.5,3
41.8,0,0,4.2,Burnley,FALSE,0,0,2.00175,1.75,4
70.8,0,0,7.1,Manchester City,FALSE,0,0,3.03102,3.25,5
14.8,0,0,1.5,Chelsea,FALSE,0,0,2.94236,3.25,0
19,0,0,1.9,Manchester City,TRUE,0,0,2.60922,5,1
34.8,0,0,3.5,Manchester United,TRUE,0,0,1.49717,2.5,3
38.4,0,0,3.8,Liverpool,TRUE,0,0,1.12475,4,3
7.6,0,0,0.8,Tottenham,FALSE,0,0,3.10409,3,2
26.8,0,0,2.7,Southampton,TRUE,0,0,0.787747,3.5,3
1.4,0,0,0.1,Fulham,TRUE,0,0,0.560836,2.5,6
7,0,0,0.7,Cardiff,TRUE,0,0,0.980673,2.75,1
32.8,0,0,3.3,Huddersfield,FALSE,0,0,1.96816,3.75,3
81.2,0,0,8.1,Leicester,TRUE,0,0,3.02164,3.75,12
19.6,0,0,2,Watford,FALSE,0,0,1.53311,3,2
15,0,0,1.5,Tottenham,FALSE,0,0,1.21144,1.75,1
34.8,0,0,3.5,Crystal Palace,FALSE,0,0,2.68412,4.25,3
37.4,0,0,3.7,Brighton,FALSE,0,0,1.31614,4,3
17.2,0,0,1.7,West Ham,TRUE,0,0,1.74711,2.5,3
21.4,0,0,2.1,Arsenal,FALSE,0,0,2.35088,0,2
31.4,0,0,3.1,Southampton,TRUE,0,0,0.613167,4,7
19,0,0,1.9,Burnley,FALSE,0,0,1.08514,5.75,1
3.2,0,0,0.3,Crystal Palace,TRUE,0,0,1.57739,1.75,-1
26.8,0,0,2.7,Fulham,TRUE,0,0,1.23555,2.75,3
9.8,0,0,1,Huddersfield,TRUE,0,0,0.133934,3.5,6
36,0,0,3.6,Tottenham,TRUE,0,0,0.845211,4.25,3
26.6,0,0,2.7,Leicester,FALSE,0,0,0.946697,3,3
25.2,0,0,2.5,Fulham,TRUE,0,0,0.798715,0.5,7
23.6,0,0,2.4,Bournemouth,TRUE,0,0,0.88618,4.25,3
1.8,0,0,0.2,Chelsea,FALSE,0,0,0.625978,5.25,1
4.4,0,0,0.4,Cardiff,FALSE,0,0,0.219359,3,6
15.2,0,0,1.5,Brighton,TRUE,0,0,1.20566,1.25,2
35.8,0,0,3.6,Manchester City,FALSE,0,0,3.67741,3,3
21,0,0,2.1,Burnley,TRUE,0,0,1.74201,3.5,6
4.6,0,0,0.5,Manchester United,TRUE,0,0,1.54089,3.75,1
3.6,0,0,0.4,Tottenham,TRUE,0,0,0.722229,0,6
46,0,0,4.6,Manchester United,FALSE,0,0,2.54216,2.25,8
19.4,0,0,1.9,Tottenham,FALSE,0,0,1.76818,4.5,2
40.8,0,0,4.1,Arsenal,TRUE,0,0,3.45713,5,10
26.6,0,0,2.7,Cardiff,TRUE,0,0,0.702261,0,7
15.6,0,0,1.6,Brighton,FALSE,0,0,1.39896,2.75,2
22.4,0,0,2.2,Liverpool,TRUE,0,0,0.811272,2.5,7
24.8,0,0,2.5,Watford,FALSE,0,0,1.36515,1.25,2
12.6,0,0,1.3,West Ham,FALSE,0,0,1.88895,4.5,0
15,0,0,1.5,Crystal Palace,TRUE,0,0,0.706284,2.5,1
25,0,0,2.5,Burnley,FALSE,0,0,1.90872,0,3
22.4,0,0,2.2,Tottenham,TRUE,0,0,1.26876,4.25,3
31.2,0,0,3.1,Manchester United,TRUE,0,0,2.3703,3.75,9
11.6,0,0,1.2,Southampton,FALSE,0,0,2.07772,6,1
18.2,0,0,1.8,Bournemouth,TRUE,0,0,2.16389,3.25,1
19.8,0,0,2,Fulham,TRUE,0,0,0.15103,1,2
39.2,0,0,3.9,Cardiff,FALSE,0,0,3.49275,3.75,2
8.4,0,0,0.8,Everton,TRUE,0,0,1.15114,4,1
5.8,0,0,0.6,Liverpool,FALSE,0,0,4.12341,2,0
7.2,0,0,0.7,Brighton,TRUE,0,0,0.129312,1.75,1
7.4,10,4,2.1,West Ham,FALSE,0,0.026107285,1.88114,3.5,0
27,0,0,2.7,Chelsea,TRUE,0,0,1.24394,5.5,9
10.8,0,0,1.1,Burnley,FALSE,0,0,1.17008,1.25,2
19,0,0,1.9,Huddersfield,TRUE,0,0,1.66909,3.5,1
2.8,0,0,0.3,Bournemouth,FALSE,0,0,1.61666,3.25,1
14,0,4,1.8,Leicester,TRUE,0.058809966,0,0.608954,1.25,1
6.8,0,0,0.7,Brighton,FALSE,0,0,0.560521,5,6
15,0,0,1.5,Crystal Palace,TRUE,0,0,0.564317,3.25,6
7.4,0,0,0.7,West Ham,FALSE,0,0,0.0891639,7.25,6
18.4,0,0,1.8,Bournemouth,TRUE,0,0,0.790333,2,6
55.6,0,0,5.6,Everton,TRUE,0,0,2.65983,3,3
9.2,0,0,0.9,Arsenal,FALSE,0,0,1.04458,2,1
63.2,0,0,6.3,Tottenham,FALSE,0,0,2.57376,2.75,3
13.4,0,0,1.3,Liverpool,TRUE,0,0,2.00654,6,1
41.4,0,0,4.1,Everton,FALSE,0,0,2.69396,5,3
15.8,0,0,1.6,Arsenal,TRUE,0,0,0.201885,7.25,7
30.4,0,0,3,Huddersfield,FALSE,0,0,1.62301,3,3
44.8,0,0,4.5,Chelsea,FALSE,0,0,2.23287,3,2
2.8,0,0,0.3,Crystal Palace,TRUE,0,0,0.907988,0.75,2
14.4,0,0,1.4,Bournemouth,FALSE,0,0,1.20888,2,2
16.4,0,0,1.6,Watford,FALSE,0,0,1.12595,5,6
6.4,0,0,0.6,Huddersfield,TRUE,0,0,0.983527,4.5,6
25.6,0,0,2.6,Fulham,FALSE,0,0,1.66303,7.25,2
13.6,0,0,1.4,Manchester United,FALSE,0,0,2.65125,2,1
41.6,0,0,4.2,Leicester,FALSE,0,0,0.877377,1.25,9
10.4,0,0,1,Cardiff,TRUE,0,0,0.872224,2.25,7
23,0,0,2.3,Manchester City,TRUE,0,0,2.86236,5.75,2
11,0,0,1.1,Newcastle,FALSE,0,0,1.08462,3,1
26.8,0,0,2.7,Watford,FALSE,0,0,1.27253,2.5,3
12.2,0,0,1.2,Brighton,TRUE,0,0,0.143138,3.25,6
33.8,0,0,3.4,Watford,TRUE,0,0,1.08462,0,2
7.4,0,0,0.7,Manchester United,TRUE,0,0,0.305982,6,6
12.2,0,0,1.2,West Ham,FALSE,0,0,1.36558,3.25,1
14.8,0,0,1.5,Leicester,TRUE,0,0,0.8065,1.75,2
23.4,0,0,2.3,Southampton,TRUE,0,0,1.27102,3.25,3
27.2,0,0,2.7,Manchester City,FALSE,0,0,0.115051,0,3
42.4,0,0,4.2,Chelsea,FALSE,0,0,1.28197,4,2
18.6,0,0,1.9,Arsenal,FALSE,0,0,1.54245,6,2
8.4,0,0,0.8,Bournemouth,TRUE,0,0,2.62214,1.75,1
68,0,0,6.8,Leicester,FALSE,0,0,3.6797,3,4
46.6,0,0,4.7,West Ham,TRUE,0,0,0.991558,4.5,4
18.8,0,0,1.9,Liverpool,FALSE,0,0,3.58922,0.5,0
3.8,0,0,0.4,Crystal Palace,FALSE,0,0,0.261344,5.25,6
14.4,10,0,2.4,Arsenal,TRUE,0,0.292975813,0.600697,3,6
35.2,10,0,4.5,Tottenham,FALSE,0,0.020877313,1.35378,2,9
10.6,0,0,1.1,Brighton,FALSE,0,0,1.20482,3.75,2
39.4,0,0,3.9,Manchester City,TRUE,0,0,2.34878,4.25,3
22.2,0,0,2.2,Everton,TRUE,0,0,1.15217,4.25,8
31.6,0,0,3.2,Brighton,TRUE,0,0,1.90585,3.25,3
22.2,0,0,2.2,West Ham,FALSE,0,0,1.99866,0,2
39.8,0,0,4,Bournemouth,FALSE,0,0,2.22622,4,3
50.2,10,0,6,Manchester United,TRUE,0,0.338737398,1.88049,0.5,9
12.2,0,0,1.2,Burnley,TRUE,0,0,0.473292,5.25,6
34.6,0,0,3.5,Manchester City,FALSE,0,0,1.08617,3,3
10.8,0,0,1.1,Southampton,TRUE,0,0,0.443686,3.5,6
10.6,0,0,1.1,Liverpool,TRUE,0,0,1.48081,4,1
30.6,0,0,3.1,Everton,FALSE,0,0,1.76461,3.5,2
50.4,0,0,5,Cardiff,FALSE,0,0,1.4996,5.5,3
6.4,0,0,0.6,Huddersfield,TRUE,0,0,0.857152,1.25,2
26,0,0,2.6,Burnley,FALSE,0,0,1.72939,2.5,3
48.6,0,0,4.9,Everton,TRUE,0,0,2.06851,3.25,3
12,0,0,1.2,Tottenham,FALSE,0,0,0.882608,5,1
29.6,0,0,3,Chelsea,TRUE,0,0,1.26735,3,7
54,0,0,5.4,Watford,FALSE,0,0,2.06986,4.5,4
20.2,0,0,2,Fulham,FALSE,0,0,0.569845,3.75,6
20.6,0.1,0,2.1,Arsenal,TRUE,0,0,2.87276,3.5,1
38.8,0,0,3.9,Bournemouth,TRUE,0,0,1.8981,3.75,2
21,1,0,2.2,Leicester,FALSE,0,0,0.345306,0,7
9.8,0,0,1,Burnley,FALSE,0,0,0.909241,1.5,1
43.2,0,0,4.3,Chelsea,TRUE,0,0,1.09534,6,10
13.6,0,0,1.4,Bournemouth,FALSE,0,0,1.34099,0,2
21.4,0,0,2.1,Aston Villa,TRUE,0,0,0.639599,4,3
20.8,0,0,2.1,Crystal Palace,FALSE,0,0,0.87159,4.75,7
28.4,0,0,2.8,Manchester City,TRUE,0,0,3.18377,5.25,1
11,0,0,1.1,Arsenal,TRUE,0,0,1.13309,3,2
25.6,10,0,3.6,Southampton,TRUE,0,0.023265656,1.08752,0,8
24.2,0,0,2.4,Tottenham,FALSE,0,0,2.57262,2,2
14,0,0,1.4,Everton,TRUE,0,0,1.2246,3.75,6
39.8,0,0,4,Aston Villa,FALSE,0,0,1.65069,0.5,4
12.2,0,0,1.2,Southampton,FALSE,0,0,2.14047,0.25,3
30.2,0,0,3,Liverpool,TRUE,0,0,1.52022,1,2
26.4,0,0,2.6,Burnley,TRUE,0,0,1.39172,4.25,3
22.2,0,0,2.2,Crystal Palace,TRUE,0,0,0.241912,2,9
56.6,0,0,5.7,Manchester City,FALSE,0,0,3.20076,3.25,3
15.8,0,0,1.6,Watford,TRUE,0,0,1.17279,5,6
36.6,0,0,3.7,Chelsea,FALSE,0,0,1.22629,5.5,3
23.2,0,0,2.3,Brighton,FALSE,0,0,2.40461,5,3
38.6,0,0,3.9,Norwich,FALSE,0,0,2.09572,2.75,2
54,10.3,2,6.6,Arsenal,FALSE,0,0.0380737,1.1644,2,3
12.2,0,0,1.2,Bournemouth,TRUE,0,0,1.62777,2,1
19,0,0,1.9,Manchester City,TRUE,0,0,3.12856,1.5,1
9.2,0,0,0.9,Arsenal,TRUE,0,0,0.985542,1,2
21.6,0,0,2.2,Brighton,FALSE,0,0,0.997711,1.25,7
19,0,0,1.9,Liverpool,FALSE,0,0,2.78821,4,1
10,0,0,1,Crystal Palace,TRUE,0,0,0.676993,5.5,1
1.8,0,0,0.2,Leicester,TRUE,0,0,0.704879,5.5,1
7.2,0,0,0.7,Aston Villa,FALSE,0,0,0.855926,5,1
17.8,0,0,1.8,Watford,FALSE,0,0,2.29348,3.5,2
14.2,0,0,1.4,Tottenham,FALSE,0,0,1.25927,2.75,6
11.4,0,0,1.1,Everton,TRUE,0,0,1.25668,1.5,6
14,0,0,1.4,Manchester United,FALSE,0,0,2.23561,3.25,1
13,0,0,1.3,Leicester,FALSE,0,0,2.23766,1.75,1
20.8,0,0,2.1,Burnley,FALSE,0,0,0.61739,1.5,6
45.8,0,0,4.6,Manchester United,TRUE,0,0,1.90356,3,5
29.6,0,0,3,Tottenham,TRUE,0,0,1.95514,3.5,3
10.4,0,0,1,Southampton,FALSE,0,0,0.769616,3.5,2
23.6,0,0,2.4,Chelsea,FALSE,0,0,2.30579,4,2
40.8,0,0,4.1,Arsenal,FALSE,0,0,1.92509,2.75,3
7.2,0,0,0.7,Bournemouth,TRUE,0,0,0.554726,4.5,2
20,0,0,2,Norwich,TRUE,0,0,1.1674,2.5,7
14,0,0,1.4,Watford,TRUE,0,0,1.1068,4,3
32.2,0,0,3.2,Liverpool,TRUE,0,0,1.20057,3.25,2
24,0,0,2.4,Crystal Palace,FALSE,0,0,1.41394,2.5,3
18.4,0,0,1.8,Aston Villa,TRUE,0,0,0.30354,2.75,6
33.6,0,0,3.4,Everton,TRUE,0,0,1.50641,2,3
45.4,0,0,4.5,Watford,FALSE,0,0,2.83209,3.5,2
22.4,0,0,2.2,Leicester,TRUE,0,0,0.459141,3.75,9
40.8,0,18,5.9,Southampton,TRUE,0.033040807,0,1.57659,3.5,4
42.2,0,0,4.2,Crystal Palace,TRUE,0,0,0.577323,2.75,8
21,0,0,2.1,Bournemouth,FALSE,0,0,1.41542,4,2
30.2,10,0,4,Manchester United,FALSE,0,0.18576166,1.10019,3.25,3
32.4,0,0,3.2,Aston Villa,FALSE,0,0,1.40502,3.25,10
32.6,0,0,3.3,Liverpool,FALSE,0,0,2.93281,3.25,2
31.4,0,0,3.1,Brighton,FALSE,0,0,1.68545,3.75,3
6.8,0,0,0.7,West Ham,TRUE,0,0,0.535279,3,6
16.2,0,0,1.6,Tottenham,FALSE,0,0,1.04944,3.75,0
56,10,0,6.6,Southampton,FALSE,0,0.495426118,2.18021,2.25,10
12.4,0,0,1.2,Chelsea,FALSE,0,0,1.23321,3.25,2
1.6,0,0,0.2,Bournemouth,TRUE,0,0,1.29773,5.75,1
37.4,0,0,3.7,Aston Villa,TRUE,0,0,1.71546,2.25,2
27.6,0,0,2.8,West Ham,FALSE,0,0,0.51376,3.5,2
22.6,0,0,2.3,Everton,FALSE,0,0,1.26041,4,6
23.6,0,0,2.4,Tottenham,TRUE,0,0,1.33735,2.5,3
24,0,0,2.4,Manchester United,TRUE,0,0,1.27826,5.5,8
13.8,0,0,1.4,Brighton,TRUE,0,0,1.21592,3.25,6
15,0,0,1.5,Norwich,TRUE,0,0,0.801428,2.5,6
38.6,0,0,3.9,Leicester,FALSE,0,0,1.28752,0,2
21.8,0,0,2.2,Arsenal,FALSE,0,0,2.53209,4,2
30.2,0,0,3,West Ham,TRUE,0,0,1.29546,3.75,2
17.8,0,0,1.8,Tottenham,FALSE,0,0,1.19008,5.5,1
18.6,0,0,1.9,Manchester United,FALSE,0,0,1.1335,2,3
31,0,0,3.1,Arsenal,TRUE,0,0,1.70399,3.5,4
16.8,0,0,1.7,Liverpool,TRUE,0,0,1.97079,3.25,3
25.8,0,0,2.6,Southampton,TRUE,0,0,1.16256,3.25,3
41,0,0,4.1,Manchester City,TRUE,0,0,3.1082,1.5,3
10.8,0,0,1.1,Leicester,FALSE,0,0,1.82438,4.25,0
6.6,0,0,0.7,Aston Villa,FALSE,0,0,0.914266,3.25,1
6.4,0,0,0.6,Burnley,TRUE,0,0,1.66919,4.25,1
27.4,0,0,2.7,Norwich,TRUE,0,0,0.712129,2.5,9
10.6,0,0,1.1,Arsenal,FALSE,0,0,1.24109,4,2
4.8,0,0,0.5,Leicester,TRUE,0,0,0.0982107,3.75,2
17.8,0,0,1.8,Chelsea,TRUE,0,0,2.15201,4,1
15,0,0,1.5,Bournemouth,TRUE,0,0,0.683967,2.5,6
17.6,0,0,1.8,Watford,FALSE,0,0,1.44318,3.75,6
20.8,0,0,2.1,Burnley,FALSE,0,0,0.558912,2,2
50.4,0,0,5,Liverpool,FALSE,0,0,3.74867,3.5,3
22.6,0,0,2.3,Manchester United,TRUE,0,0,0.969204,2.75,8
14.4,0,0,1.4,Everton,TRUE,0,0,1.30723,3,7
28.2,0,0,2.8,Norwich,FALSE,0,0,1.84838,3,3
34.2,0,0,3.4,West Ham,FALSE,0,0,1.23577,4.5,3
7.8,0,0,0.8,Norwich,TRUE,0,0,0.402873,4.25,6
21.2,0,0,2.1,Liverpool,TRUE,0,0,1.03212,4.25,3
17.4,0,0,1.7,Arsenal,TRUE,0,0,0.949735,4.75,6
31.4,0,0,3.1,West Ham,TRUE,0,0,0.459112,2,8
27.4,0,0,2.7,Burnley,TRUE,0,0,1.79569,3.75,3
50.4,0,0,5,Chelsea,FALSE,0,0,2.30068,4,4
6,0,0,0.6,Leicester,FALSE,0,0,0.8291,4.25,1
7.2,0,0,0.7,Watford,TRUE,0,0,0.846851,1,2
30.2,0,0,3,Brighton,TRUE,0,0,1.32184,3,3
55.2,0,0,5.5,Manchester City,TRUE,0,0,4.02104,0,4
22,0,0,2.2,Watford,FALSE,0,0,0.674903,5,8
46.8,0,0,4.7,Leicester,TRUE,0,0,4.38046,1.25,0
18.4,0,0,1.8,Crystal Palace,TRUE,0,0,1.77892,3.25,1
14,0,0,1.4,Norwich,FALSE,0,0,0.8924,2.75,2
21.4,0,0,2.1,West Ham,FALSE,0,0,2.33891,5.25,3
11.6,0,0,1.2,Brighton,FALSE,0,0,1.15279,3.5,1
22.8,0,0,2.3,Southampton,FALSE,0,0,0.457334,3.75,7
21.6,0,0,2.2,Chelsea,TRUE,0,0,0.988321,3.75,1
88,10,0,9.8,Liverpool,FALSE,0,0.40006125,2.18851,1.5,8
48.4,0,0,4.8,Manchester City,FALSE,0,0,3.19004,2.25,2
32.2,0,0,3.2,Arsenal,FALSE,0,0,1.54014,1,2
19.6,0,0,2,Manchester United,TRUE,0,0,0.641129,4.5,9
18.4,0,0,1.8,Manchester City,FALSE,0,0,3.36132,0,1
42.8,0,0,4.3,Bournemouth,FALSE,0,0,1.86862,2.75,3
1,0,0,0.1,Burnley,TRUE,0,0,0.716613,4.5,6
9.8,3,0,1.3,Tottenham,TRUE,0,0,0.243393,3.5,2
19.8,0,0,2,Crystal Palace,FALSE,0,0,0.44291,4.75,8
30.8,0,0,3.1,West Ham,FALSE,0,0,1.53597,3.75,2
19.6,0,0,2,Everton,FALSE,0,0,1.15532,3,2
28.6,0,0,2.9,Liverpool,TRUE,0,0,2.38824,2.25,2
21.2,0,0,2.1,Leicester,TRUE,0,0,0.981167,3,2
24.6,0,0,2.5,Everton,TRUE,0,0,2.08883,0.25,2
42.4,0,0,4.2,Leicester,FALSE,0,0,1.37055,3.25,2
16.2,0,0,1.6,Liverpool,FALSE,0,0,1.3319,0,1
11.2,0,0,1.1,Brighton,TRUE,0,0,1.1342,2.5,2
25,0,0,2.5,Tottenham,FALSE,0,0,1.5104,5.25,3
11.2,0,0,1.1,Southampton,FALSE,0,0,0.742281,3.25,2
10.8,0,0,1.1,Arsenal,TRUE,0,0,0.961339,5.25,6
19.6,0,0,2,Bournemouth,TRUE,0,0,1.9213,4.25,2
26.4,0,0,2.6,West Ham,TRUE,0,0,0.474281,2.75,9
21.8,0,0,2.2,Chelsea,FALSE,0,0,3.28903,1.25,2
27.2,0,0,2.7,Arsenal,FALSE,0,0,1.60823,0.75,2
43.6,0,0,4.4,Southampton,TRUE,0,0,2.60312,2.25,9
27.4,0,0,2.7,Norwich,TRUE,0,0,1.80849,3.25,2
2.4,0,0,0.2,Brighton,FALSE,0,0,0.784706,6,6
44.8,0,0,4.5,Aston Villa,FALSE,0,0,2.6985,2.75,3
28.4,10,0,3.8,Watford,FALSE,0,0.138366908,0.902384,3.25,9
18.4,0,0,1.8,West Ham,FALSE,0,0,0.661449,3.75,2
7.8,0,0,0.8,Manchester United,TRUE,0,0,1.33065,0,1
20.2,0,0,2,Liverpool,TRUE,0,0,1.64291,1,1
19.2,0,0,1.9,Tottenham,FALSE,0,0,2.93189,5.75,1
18,0,0,1.8,Watford,TRUE,0,0,0.504005,1.25,2
48.8,0,0,4.9,Norwich,FALSE,0,0,0.810596,4,3
8.4,0,0,0.8,Aston Villa,TRUE,0,0,1.29701,2.25,1
42.2,0,0,4.2,Chelsea,FALSE,0,0,2.73185,0,10
35.2,0,0,3.5,Leicester,FALSE,0,0,2.24348,1.75,2
20,0,0,2,Everton,TRUE,0,0,1.24986,6.75,2
50.8,0,0,5.1,Manchester City,TRUE,0,0,2.44389,2.5,4
5.8,0,0,0.6,Crystal Palace,TRUE,0,0,0.936732,5.25,1
26.8,0,0,2.7,Bournemouth,TRUE,0,0,1.02949,3.75,2
38.2,0,0,3.8,Manchester United,FALSE,0,0,1.84804,2.75,0
23.8,0,0,2.4,Burnley,FALSE,0,0,1.8509,1.25,8
6.4,0,0,0.6,Crystal Palace,FALSE,0,0,0.383763,4,2
15.4,0,0,1.5,Everton,TRUE,0,0,1.76453,0.25,1
14,0,0,1.4,Norwich,TRUE,0,0,0.896647,1.75,2
51.2,0,0,5.1,Brighton,TRUE,0,0,1.53446,4.5,3
30.4,0,0,3,Tottenham,TRUE,0,0,0.542315,2,3
0,0,0,0,Liverpool,FALSE,0,0,2.41397,2,0
7.8,0,0,0.8,Watford,TRUE,0,0,0.199733,5.5,6
25.8,0,0,2.6,Manchester City,TRUE,0,0,2.56057,5.25,1
26.2,0,0,2.6,Manchester United,FALSE,0,0,1.47683,2.25,2
51.2,0.3,0,5.2,Chelsea,FALSE,0,0,1.9774,2.25,3
23,0,0,2.3,Bournemouth,TRUE,0,0,0.342799,3.25,8
37,0,0,3.7,Leicester,TRUE,0,0,4.03286,2.5,1
12,0,0,1.2,Burnley,TRUE,0,0,1.08645,2.25,6
23.8,0,0,2.4,Norwich,FALSE,0,0,0.585805,1.75,3
26.6,0,0,2.7,Chelsea,TRUE,0,0,1.25734,1.5,3
16.8,0,0,1.7,Tottenham,FALSE,0,0,2.39684,5,0
12.2,0,0,1.2,Aston Villa,FALSE,0,0,1.24141,5,2
18.4,0,0,1.8,Southampton,TRUE,0,0,1.89255,4.75,3
28,0,0,2.8,Watford,FALSE,0,0,1.57132,4.75,10
42.8,0,0,4.3,Liverpool,TRUE,0,0,3.04446,2.25,3
21.4,0,0,2.1,Manchester City,FALSE,0,0,2.07108,2,2
0.8,0,0,0.1,Arsenal,TRUE,0,0,1.79181,3,1
22,0,0,2.2,West Ham,FALSE,0,0,0.521847,4.25,3
27,0,0,2.7,West Ham,TRUE,0,0,0.90324,2,3
38,0,0,3.8,Manchester United,FALSE,0,0,1.48327,1.75,5
15.6,0,0,1.6,Everton,TRUE,0,0,0.276759,2,3
23.8,0,0,2.4,Burnley,FALSE,0,0,1.43602,5,3
58.2,0,0,5.8,Brighton,TRUE,0,0,2.48355,6.75,8
14.2,0,0,1.4,Southampton,FALSE,0,0,0.805884,3.25,5
47.8,0,0,4.8,Chelsea,FALSE,0,0,2.02119,2,10
15.6,0,0,1.6,Norwich,TRUE,0,0,1.16408,4,2
3,0,0,0.3,Aston Villa,TRUE,0,0,0.97258,1.75,6
26.4,0,0,2.6,Manchester City,TRUE,0,0,1.69553,4.5,2
0,0,0,0,Chelsea,TRUE,0,0,1.49374,3.25,0
2.4,0,0,0.2,Bournemouth,FALSE,0,0,0.138532,2,7
14.2,0,0,1.4,Brighton,FALSE,0,0,0.428371,3.25,12
4.6,0,0,0.5,Burnley,TRUE,0,0,0.144318,4,2
30,0,0,3,Southampton,TRUE,0,0,2.63444,1.25,2
30.8,0,0,3.1,Aston Villa,FALSE,0,0,0.921054,2.25,3
34.4,0,0,3.4,Crystal Palace,TRUE,0,0,0.985368,5,8
5.2,0,0,0.5,Everton,FALSE,0,0,0.486523,2.75,6
20.2,0,0,2,Arsenal,TRUE,0,0,0.881818,2.5,6
1.6,0,0,0.2,Watford,FALSE,0,0,1.59291,2.25,1
73,0,0,7.3,Manchester City,FALSE,0,0,3.59139,3,5
22,0,0,2.2,Brighton,TRUE,0,0,1.09007,2.75,3
33.8,0,0,3.4,Everton,FALSE,0,0,1.47521,3.5,3
9.2,0,0,0.9,Watford,TRUE,0,0,0.596611,5.5,2
7,0,0,0.7,Arsenal,TRUE,0,0,1.42464,4.25,2
6.2,0,0,0.6,West Ham,TRUE,0,0,0.796338,7,2
38.2,0,0,3.8,Norwich,TRUE,0,0,1.45005,1.75,10
29.2,0,0,2.9,Chelsea,FALSE,0,0,0.859973,2.5,7
29.6,0,0,3,Manchester United,FALSE,0,0,1.99638,6,2
31,0,0,3.1,Bournemouth,FALSE,0,0,1.55463,3.5,3
3.4,0,0,0.3,Burnley,TRUE,0,0,0.565252,3.5,6
16.8,0,0,1.7,Liverpool,TRUE,0,0,3.76973,3.75,0
9.6,0,0,1,Norwich,FALSE,0,0,0.268052,3,1
14.4,0,0,1.4,Manchester United,TRUE,0,0,2.10542,4,1
10.8,0,0,1.1,Manchester City,FALSE,0,0,1.08628,5.75,1
28.2,0,0,2.8,Brighton,FALSE,0,0,1.05876,4.25,2
30.6,0,0,3.1,Southampton,FALSE,0,0,1.47937,5.5,3
22.8,0,0,2.3,Watford,FALSE,0,0,3.25314,3.5,2
9.6,0,0,1,Crystal Palace,TRUE,0,0,0.137837,3.75,2
55.2,0,0,5.5,Everton,TRUE,0,0,2.82576,4,3
57,0,0,5.7,Leicester,TRUE,0,0,2.62349,0,8
14,0,0,1.4,Chelsea,TRUE,0,0,1.49666,3.5,1
8.2,0,0,0.8,Burnley,FALSE,0,0,0.386662,2,6
27.8,0,0,2.8,West Ham,FALSE,0,0,0.782104,2.25,3
20,0,0,2,Southampton,FALSE,0,0,1.51192,1.75,2
30,0,0,3,Aston Villa,TRUE,0,0,1.74824,4.25,2
0,0,0,0,Liverpool,FALSE,0,0,3.0465,5.25,2
28.6,0,0,2.9,West Ham,FALSE,0,0,2.32825,4,1
19,0,0,1.9,Norwich,FALSE,0,0,1.66454,3.75,3
33.8,0,0,3.4,Tottenham,TRUE,0,0,1.078,3.75,8
45.4,0,0,4.5,Leicester,TRUE,0,0,2.43642,4,3
17.4,0,0,1.7,Bournemouth,TRUE,0,0,0.720709,2,6
28,0,0,2.8,Manchester United,TRUE,0,0,0.715563,3,9
42.6,0,0,4.3,Manchester City,FALSE,0,0,1.79757,5,2
11,0,0,1.1,Everton,TRUE,0,0,0.848942,2,2
15.8,0,0,1.6,Arsenal,FALSE,0,0,1.90747,3,1
42,0,0,4.2,Liverpool,TRUE,0,0,1.74564,1.5,3
32.4,0,0,3.2,Chelsea,FALSE,0,0,2.87633,3.25,2
14.8,0,0,1.5,West Ham,TRUE,0,0,0.90477,4.25,6
26,0,0,2.6,Arsenal,TRUE,0,0,1.43924,2.5,3
33.6,0,0,3.4,Manchester City,TRUE,0,0,3.75131,0.25,0
29,0,0,2.9,Leicester,FALSE,0,0,0.780114,5,3
11.4,0,0,1.1,Crystal Palace,FALSE,0,0,0.317862,4.75,2
19.2,0,0,1.9,Brighton,TRUE,0,0,1.53324,4.25,5
18,0,0,1.8,Norwich,TRUE,0,0,0.275987,2.5,7
48.8,0,0,4.9,Southampton,TRUE,0,0,2.40601,3.5,4
28,0,0,2.8,Norwich,FALSE,0,0,1.76046,1.25,3
28.4,0,0,2.8,West Ham,FALSE,0,0,1.68436,4,3
21,0,0,2.1,Chelsea,TRUE,0,0,2.05436,2.5,8
24,0,0,2.4,Burnley,FALSE,0,0,1.50886,3.25,2
35.2,0,0,3.5,Manchester City,FALSE,0,0,2.47314,2.75,2
39.4,0,0,3.9,Watford,FALSE,0,0,2.39174,2.25,14
19.2,0,0,1.9,Everton,TRUE,0,0,1.95473,0,2
22.4,0,0,2.2,Arsenal,FALSE,0,0,1.22882,2.75,3
74.2,0,0,7.4,Leicester,TRUE,0,0,2.33415,2,12
16.8,0,0,1.7,Liverpool,FALSE,0,0,2.00655,4,1
45.2,0,0,4.5,Brighton,TRUE,0,0,1.97227,1.5,4
1.4,0,0,0.1,Crystal Palace,FALSE,0,0,0.674589,3.5,6
42,0,0,4.2,Chelsea,FALSE,0,0,3.38612,3.5,3
3.4,0,0,0.3,Burnley,TRUE,0,0,0.717284,3.75,1
54,0,0,5.4,Manchester City,TRUE,0,0,2.873,3,11
7.6,0,0,0.8,Norwich,TRUE,0,0,1.42472,0,2
12,0,0,1.2,West Ham,TRUE,0,0,1.16254,3.75,1
23,0,0,2.3,Liverpool,TRUE,0,0,2.59926,1.75,2
30.6,0,0,3.1,Everton,FALSE,0,0,2.05254,4,3
46.6,0,0,4.7,Manchester United,FALSE,0,0,1.416,4.25,10
29.8,0,0,3,Southampton,TRUE,0,0,1.1306,2.75,2
22.6,0,0,2.3,Aston Villa,TRUE,0,0,1.40955,2,3
37.2,0,0,3.7,Liverpool,FALSE,0,0,3.7195,4.5,1
17,0,0,1.7,Burnley,FALSE,0,0,2.24562,4,7
22.4,0,0,2.2,Crystal Palace,FALSE,0,0,0.970063,5.5,10
51.8,0,0,5.2,Manchester City,TRUE,0,0,3.25139,0.5,15
3.4,0,0,0.3,Watford,FALSE,0,0,0.919248,2.75,1
14.2,0,0,1.4,Chelsea,TRUE,0,0,0.806995,3.25,1
26.6,0,0,2.7,Brighton,TRUE,0,0,2.03179,0.75,2
30.6,0,0,3.1,Norwich,TRUE,0,0,2.39985,4,7
14,0,0,1.4,Arsenal,TRUE,0,0,1.48025,6.5,6
17.2,0,0,1.7,Leicester,FALSE,0,0,1.65956,0,1
26.8,0,0,2.7,Burnley,TRUE,0,0,0.892699,2.75,2
9.8,0,0,1,Southampton,FALSE,0,0,0.694025,7.5,2
31.2,0,0,3.1,Everton,FALSE,0,0,2.79103,2,2
12,0,0,1.2,Manchester United,TRUE,0,0,0.681814,0.25,1
18.4,0,0,1.8,Arsenal,FALSE,0,0,3.02257,5,1
10.6,0,0,1.1,Bournemouth,TRUE,0,0,1.07183,7.5,2
10,0,0,1,Chelsea,FALSE,0,0,0.940204,4,6
4.8,0,0,0.5,Crystal Palace,TRUE,0,0,0.865323,2.5,2
31,0,0,3.1,Manchester City,FALSE,0,0,2.13777,1,2
23.2,0,0,2.3,Aston Villa,FALSE,0,0,1.71313,4.25,2
42.4,0,0,4.2,Burnley,FALSE,0,0,3.09935,3,3
10.2,0,0,1,Aston Villa,TRUE,0,0,0.47235,2.5,7
28.6,0,0,2.9,Everton,TRUE,0,0,2.65691,4.5,2
15.6,0,0,1.6,Watford,TRUE,0,0,0.294956,3.75,6
5.6,0,0,0.6,Brighton,TRUE,0,0,1.06035,6.5,2
40.8,0,0,4.1,Chelsea,FALSE,0,0,1.78193,4.75,3
9,0,0,0.9,Arsenal,FALSE,0,0,1.33567,1.75,1
66,0,0,6.6,Manchester City,TRUE,0,0,2.42749,2.75,12
26.6,0,0,2.7,Liverpool,FALSE,0,0,2.48209,1.5,2
60.2,0,0,6,Crystal Palace,FALSE,0,0,1.75552,4.75,4
34.4,0,0,3.4,Bournemouth,TRUE,0,0,1.75718,7.5,9
23,0,0,2.3,Tottenham,TRUE,0,0,0.265879,0.5,3
26.2,0,0,2.6,West Ham,FALSE,0,0,2.78682,4,2
34.4,0,0,3.4,Chelsea,TRUE,0,0,1.98271,3,2
27.8,0,0,2.8,Bournemouth,FALSE,0,0,1.58495,1.25,2
7.4,0,0,0.7,Burnley,TRUE,0,0,0.617612,3.75,6
28,0,0,2.8,Everton,FALSE,0,0,2.41259,5,3
50.2,0,0,5,Brighton,FALSE,0,0,1.78712,2.75,11
5,0,0,0.5,Southampton,TRUE,0,0,0.868573,2,2
22.4,0,0,2.2,Manchester United,TRUE,0,0,1.12561,1.25,3
38,0,0,3.8,Norwich,FALSE,0,0,0.591716,5.25,2
18.6,0,0,1.9,Bournemouth,TRUE,0,0,1.29544,0,2
34.2,0,0,3.4,Liverpool,FALSE,0,0,1.89453,2.5,2
5.6,0,0,0.6,Tottenham,TRUE,0,0,1.13669,6.75,2
18.6,0,0,1.9,Southampton,FALSE,0,0,0.348871,4.5,8
37.8,0,0,3.8,Burnley,FALSE,0,0,3.33302,5,6
26.4,0,0,2.6,Manchester City,TRUE,0,0,0.585469,5.5,9
22.8,0,0,2.3,Watford,TRUE,0,0,0.449161,5,10
10.6,0,0,1.1,Arsenal,FALSE,0,0,1.55974,2,2
47.4,0,0,4.7,Chelsea,FALSE,0,0,2.02883,1.75,2
10,0,0,1,Aston Villa,TRUE,0,0,0.672448,5.5,6
35.4,0,0,3.5,Norwich,TRUE,0,0,2.55449,6.25,7
2.2,0,0,0.2,Crystal Palace,TRUE,0,0,0.788453,2.25,1
7.2,0,0,0.7,Norwich,FALSE,0,0,0.654932,5.75,6
15.6,0,0,1.6,Tottenham,FALSE,0,0,0.534852,6,2
33.4,0,0,3.3,Manchester United,TRUE,0,0,1.77307,2.75,5
18.4,0,0,1.8,Liverpool,TRUE,0,0,0.659123,2,9
26.6,0,0,2.7,Watford,FALSE,0,0,1.00765,6.75,3
10,0,0,1,Manchester City,FALSE,0,0,2.71096,5.75,0
10.8,0,0,1.1,Bournemouth,FALSE,0,0,0.363637,7.25,6
15.4,0,0,1.5,Chelsea,TRUE,0,0,1.14011,1.5,2
10.2,0,0,1,Arsenal,TRUE,0,0,2.18595,6.75,2
15,0,0,1.5,West Ham,TRUE,0,0,0.83104,3.5,7
9,0,0,0.9,Norwich,FALSE,0,0,0.382813,3.75,6
34.2,0,0,3.4,Brighton,TRUE,0,0,1.10227,5.75,14
20,0,0,2,Tottenham,FALSE,0,0,2.24125,2,2
1.6,0,0,0.2,Aston Villa,TRUE,0,0,1.22985,6,2
25.4,0,0,2.5,Watford,TRUE,0,0,0.495542,5.25,10
20.2,0,0,2,Manchester United,FALSE,0,0,2.8416,0,2
23,0,0,2.3,Liverpool,FALSE,0,0,2.56729,0,1
2.2,0,0,0.2,Watford,FALSE,0,0,0.365347,5.5,2
15,0,0,1.5,Brighton,FALSE,0,0,0.31013,5,6
9.2,10,0,1.9,Tottenham,TRUE,0,0.021868819,1.01524,5,2
16.6,0,0,1.7,Leicester,TRUE,0,0,1.80384,5,1
8.6,0,0,0.9,Everton,FALSE,0,0,1.17592,6.25,1
30,0,0,3,Chelsea,TRUE,0,0,1.57609,2,2
2.4,0,0,0.2,Bournemouth,FALSE,0,0,1.27503,5.5,2
25.6,0,0,2.6,Crystal Palace,FALSE,0,0,1.06533,5.5,9
22.4,0,0,2.2,Burnley,TRUE,0,0,0.359906,6.75,3
30.8,0,0,3.1,Manchester United,FALSE,0,0,2.63259,1.5,2
54.2,0,0,5.4,Manchester City,TRUE,0,0,3.39575,5.5,11
6.2,0,0,0.6,Bournemouth,TRUE,0,0,1.52161,5.75,1
17.6,0,0,1.8,Burnley,FALSE,0,0,1.31966,3.75,3
23.4,0,0,2.3,Everton,TRUE,0,0,0.403762,4.75,10
19.6,0,0,2,Tottenham,FALSE,0,0,0.511828,4.5,2
14,10,0,2.4,Crystal Palace,TRUE,0,0.171207383,0.507537,6,6
37.2,0,0,3.7,West Ham,TRUE,0,0,2.03065,4.5,2
5.6,0,0,0.6,Leicester,FALSE,0,0,2.20683,4.75,1
3.2,4,0,0.7,Tottenham,TRUE,0,0,0.479274,1.5,6
24,0,0,2.4,Everton,FALSE,0,0,0.671442,5.25,3
7.4,0,0,0.7,Aston Villa,FALSE,0,0,0.598873,3.75,6
14.6,0,0,1.5,Bournemouth,FALSE,0,0,0.960349,5.75,6
24,0,0,2.4,Southampton,TRUE,0,0,2.29684,4.5,3
43.4,0,2,4.5,Arsenal,FALSE,0.018557744,0,1.29023,6,5
26,0,0,2.6,Burnley,TRUE,0,0,1.05291,1.75,3
38,0,0,3.8,Manchester City,FALSE,0,0,3.28662,3,1
33.6,0,0,3.4,West Ham,FALSE,0,0,1.99821,5.25,8
26.4,0,0,2.6,Chelsea,TRUE,0,0,2.65753,2.5,2
28.4,0,0,2.8,Leicester,TRUE,0,0,1.66084,2.75,3
17.2,0,0,1.7,Manchester United,FALSE,0,0,1.5033,4.5,1
23.2,0,0,2.3,Southampton,TRUE,0,0,1.8051,4.75,2
27.2,0,0,2.7,Chelsea,TRUE,0,0,1.17509,3,8
26.4,0,0,2.6,Arsenal,TRUE,0,0,0.68991,6,3
8.2,0,0,0.8,Bournemouth,FALSE,0,0,2.54311,6.5,0
16.2,0,0,1.6,Norwich,FALSE,0,0,0.613251,2,6
26.4,0,0,2.6,Watford,FALSE,0,0,3.12855,1.75,2
54,0,0,5.4,Liverpool,FALSE,0,0,2.17649,7.25,3
43.2,0,0,4.3,Aston Villa,FALSE,0,0,1.6977,1.5,3
19.2,0,0,1.9,Manchester City,FALSE,0,0,0.82755,3,1
11.4,0,0,1.1,Brighton,TRUE,0,0,0.67264,4.25,2
35.4,0,0,3.5,Crystal Palace,FALSE,0,0,0.572141,3.75,8
39.4,0,0,3.9,Leicester,FALSE,0,0,3.05752,5,2
4,0,0,0.4,Aston Villa,TRUE,0,0,1.52021,2,2
18,0,0,1.8,Watford,TRUE,0,0,1.03402,3,2
14,0,0,1.4,Tottenham,TRUE,0,0,1.7498,1.75,1
25.4,0,0,2.5,Manchester United,TRUE,0,0,1.90448,2.25,2
64.8,0,0,6.5,Southampton,TRUE,0,0,2.24527,3,11
29.2,0,0,2.9,Bournemouth,FALSE,0,0,0.583117,4.25,7
19.4,0,0,1.9,West Ham,TRUE,0,0,1.29009,4.25,2
10.6,0,0,1.1,Everton,TRUE,0,0,0.624814,5,2
34,0,0,3.4,Leicester,TRUE,0,0,1.20085,5.5,10
11.4,0,0,1.1,Tottenham,FALSE,0,0,0.766922,4.25,1
19.6,0,0,2,Manchester United,FALSE,0,0,0.984161,3,3
22.2,0,0,2.2,Brighton,FALSE,0,0,0.855896,1.5,7
14.4,0,0,1.4,Norwich,FALSE,0,0,0.576602,4,6
35.8,10,0,4.6,Everton,FALSE,0,0.035997275,1.74699,5.25,3
23,0,0,2.3,Leicester,FALSE,0,0,0.754668,4.5,7
5.6,0,0,0.6,Southampton,FALSE,0,0,1.64306,4.75,1
8.2,0,0,0.8,Crystal Palace,FALSE,0,0,0.988534,5.5,2
27,0,0,2.7,Bournemouth,TRUE,0,0,1.46461,3.25,2
9,10,0,1.9,Manchester United,TRUE,0,0.007464701,1.41019,3,1
17.4,0,0,1.7,Aston Villa,TRUE,0,0,0.983594,3.5,3
18.6,0,0,1.9,Liverpool,TRUE,0,0,0.56818,2.75,2
17.8,0,0,1.8,Brighton,TRUE,0,0,1.3696,5,1
9.8,0,0,1,Tottenham,TRUE,0,0,0.310302,2.25,2
22.6,0,0,2.3,Crystal Palace,FALSE,0,0,1.39569,3,2
14,0,0,1.4,Fulham,FALSE,0,0,0.126327,0,7
20,0,0,2,Everton,TRUE,0,0,1.26793,4.5,3
17.8,0,0,1.8,Liverpool,FALSE,0,0,3.15412,0,1
38.6,0,0,3.9,Tottenham,FALSE,0,0,0.822944,3,8
27,0,0,2.7,West Ham,FALSE,0,0,0.861445,0,7
12.2,0,0,1.2,West Bromwich Albion,FALSE,0,0,0.352997,2,6
18.2,0,0,1.8,Arsenal,TRUE,0,0,2.16287,0,1
31.2,0,0,3.1,Leicester,TRUE,0,0,2.95581,0,2
41.4,0,0,4.1,Southampton,TRUE,0,0,1.26267,2.25,10
11.2,0,0,1.1,Aston Villa,FALSE,0,0,0.80527,4,2
12.8,0,0,1.3,Tottenham,TRUE,0,0,2.28004,3.25,0
24.4,0,0,2.4,Leeds,FALSE,0,0,1.45254,0,1
18,0,0,1.8,West Ham,TRUE,0,0,2.06377,1.75,2
16.6,0,0,1.7,Crystal Palace,TRUE,0,0,1.91456,4.75,1
37.2,0,0,3.7,Southampton,FALSE,0,0,2.27708,4.5,2
22.2,10,0,3.2,Fulham,TRUE,0,0.042197324,1.55503,1,2
13.8,0,0,1.4,West Bromwich Albion,TRUE,0,0,0.315347,4.5,1
17.8,0,0,1.8,Brighton,TRUE,0,0,1.8766,1.75,2
31.6,0,0,3.2,Burnley,TRUE,0,0,1.52404,3.5,2
7.6,0,0,0.8,Arsenal,FALSE,0,0,1.32902,2.25,1
22.6,0,0,2.3,Leicester,FALSE,0,0,0.987365,3.25,1
14,0,0,1.4,Everton,FALSE,0,0,4.16254,2,0
14.4,0,0,1.4,Manchester United,FALSE,0,0,1.09737,4,3
42,10,0,5.2,Leeds,TRUE,0,0.053570852,1.46641,4.25,4
14.6,0,0,1.5,Burnley,FALSE,0,0,0.347136,2.75,6
19.2,0,0,1.9,Aston Villa,TRUE,0,0,2.03222,0.5,1
35.8,0,0,3.6,Liverpool,FALSE,0,0,2.73834,2.25,3
25.8,0,0,2.6,Brighton,FALSE,0,0,2.97659,4.5,2
3.8,0,0,0.4,Crystal Palace,FALSE,0,0,0.443115,4.25,2
75.6,0,0,7.6,Tottenham,FALSE,0,0,3.18765,2.25,8
22.8,0,0,2.3,Manchester City,FALSE,0,0,1.44633,2.5,2
2.4,0,0,0.2,Southampton,TRUE,0,0,0.706632,2.75,2
46.6,0,0,4.7,Chelsea,TRUE,0,0,2.36046,1,3
21.8,0,0,2.2,Everton,TRUE,0,0,2.27189,4.25,2
4.2,0,0,0.4,West Bromwich Albion,FALSE,0,0,0.911185,1.5,1
18.6,0,2,2.1,Arsenal,FALSE,0,0,0.667131,2.5,2
23,0,0,2.3,Aston Villa,FALSE,0,0,3.07626,0,0
20,0,0,2,West Bromwich Albion,TRUE,0,0,0.161283,2.5,9
19.8,0,0,2,Tottenham,TRUE,0,0,3.3017,3,-1
5,0,0,0.5,Crystal Palace,TRUE,0,0,0.103249,0,6
6.4,0,0,0.6,Manchester United,FALSE,0,0,0.873435,2.25,2
3,0,0,0.3,Manchester City,TRUE,0,0,1.41533,4.333333333,2
8.6,10,0,1.9,Brighton,TRUE,0,0.021773621,1.16568,3.25,1
19.8,0,0,2,Burnley,TRUE,0,0,0.438849,4.25,2
23.8,0,0,2.4,West Ham,TRUE,0,0,2.03227,2.75,2
0.2,0,0,0,Leicester,FALSE,0,0,0.456022,3,6
39.2,0,0,3.9,Southampton,FALSE,0,0,0.949079,1.666666667,3
16.6,0,0,1.7,Chelsea,FALSE,0,0,2.51433,4.25,0
27.8,0,0,2.8,Fulham,TRUE,0,0,1.35611,2.25,3
19.2,0,0,1.9,Everton,FALSE,0,0,1.35998,0,2
20.2,0,0,2,Chelsea,FALSE,0,0,1.98708,4.25,1
31.6,0,0,3.2,Manchester City,FALSE,0,0,1.43023,3.5,3
16.6,0,0,1.7,West Ham,TRUE,0,0,1.49992,2.25,1
42.8,0,0,4.3,Liverpool,TRUE,0,0,2.49492,3,3
75.6,0,0,7.6,Manchester United,TRUE,0,0,2.21729,4.75,8
24,0,0,2.4,Aston Villa,TRUE,0,0,0.873776,3,3
18.8,0,0,1.9,Tottenham,FALSE,0,0,1.77602,3.75,2
47.4,0,0,4.7,West Bromwich Albion,FALSE,0,0,0.731692,1.25,11
28.8,0,0,2.9,Burnley,TRUE,0,0,1.08532,2,9
13.8,0,0,1.4,Brighton,TRUE,0,0,1.0935,3.75,1
12,0,0,1.2,Leicester,TRUE,0,0,0.736172,2.5,2
23.6,0,0,2.4,Aston Villa,FALSE,0,0,1.50125,4,7
20.2,0,0,2,Brighton,FALSE,0,0,0.546807,3.75,5
18.8,0,0,1.9,Manchester United,FALSE,0,0,0.648427,2,7
59,0,0,5.9,Crystal Palace,TRUE,0,0,2.81049,2,3
19.6,0,0,2,Tottenham,TRUE,0,0,0.797344,3.75,2
13,0,0,1.3,Fulham,FALSE,0,0,1.05258,1.5,1
9.4,0,0,0.9,Chelsea,TRUE,0,0,0.219906,1.25,6
21.8,0,0,2.2,Liverpool,FALSE,0,0,2.40286,2.75,2
36.4,0,0,3.6,Arsenal,FALSE,0,0,0.73944,2.25,10
28.4,0,0,2.8,Southampton,FALSE,0,0,0.74151,1.75,2
41,0,0,4.1,Manchester City,TRUE,0,0,0.892456,4,7
15,0,0,1.5,Everton,TRUE,0,0,0.287054,4,6
14.6,0,0,1.5,Burnley,FALSE,0,0,0.95045,1.75,9
24,0,0,2.4,Everton,TRUE,0,0,1.21805,5.25,3
21.4,0,0,2.1,Manchester United,FALSE,0,0,0.394113,2.5,7
26.8,0,0,2.7,Leicester,TRUE,0,0,3.07657,5.25,1
14.6,0,0,1.5,Fulham,FALSE,0,0,1.62247,5,1
3.4,0,0,0.3,Burnley,FALSE,0,0,0.407341,3.25,6
10.4,0,0,1,West Bromwich Albion,TRUE,0,0,0.482685,2.5,6
38.8,0,0,3.9,Chelsea,TRUE,0,0,1.23077,4,3
5.8,0,0,0.6,Arsenal,TRUE,0,0,0.998072,2.5,2
44,0,0,4.4,Manchester City,TRUE,0,0,1.89643,2.75,4
22.8,0,0,2.3,Leeds,FALSE,0,0,1.74822,4.25,3
19,0,0,1.9,Tottenham,FALSE,0,0,1.97236,0,1
31,0,0,3.1,Liverpool,FALSE,0,0,1.56302,5.5,2
54,0,0,5.4,Aston Villa,FALSE,0,0,2.44855,5.5,3
10.6,0,0,1.1,Brighton,TRUE,0,0,0.324457,3.5,2
30.6,0,0,3.1,Southampton,FALSE,0,0,0.985828,4,2
27.2,0,0,2.7,Aston Villa,TRUE,0,0,1.98553,3.5,2
18.8,0,0,1.9,Crystal Palace,FALSE,0,0,1.30169,3,1
30.2,0,0,3,Tottenham,TRUE,0,0,1.87063,4.5,3
42.4,0,0,4.2,West Ham,FALSE,0,0,1.42614,3.75,4
30.2,0,0,3,Brighton,FALSE,0,0,1.59022,4.25,9
9,0,0,0.9,Leeds,TRUE,0,0,0.847913,1,2
1.8,0,0,0.2,Everton,FALSE,0,0,0.376464,2.5,2
30.8,0,0,3.1,Chelsea,FALSE,0,0,2.87622,2.75,2
13.4,0,0,1.3,Manchester United,TRUE,0,0,1.59642,1.5,1
42.8,0,0,4.3,Fulham,TRUE,0,0,1.84922,4.25,15
17.8,0,0,1.8,West Bromwich Albion,FALSE,0,0,0.799352,3.5,6
17.6,0,0,1.8,Chelsea,TRUE,0,0,1.81923,4,1
31.6,0,0,3.2,Leeds,FALSE,0,0,1.9617,3.5,10
20.2,0,0,2,Arsenal,TRUE,0,0,0.710778,2.75,6
43.4,0,0,4.3,Manchester United,FALSE,0,0,2.42994,4.5,4
30.2,0,0,3,Everton,TRUE,0,0,2.2508,4,2
34.2,0,0,3.4,Crystal Palace,TRUE,0,0,1.28331,6.25,10
29.4,0,0,2.9,Burnley,FALSE,0,0,1.75343,1.5,3
20.2,0,0,2,West Bromwich Albion,TRUE,0,0,0.438646,3.25,6
18.2,0,0,1.8,West Ham,TRUE,0,0,2.1142,2.75,2
64.4,0,0,6.4,Liverpool,FALSE,0,0,3.77245,5.5,4
26.8,0,0,2.7,Fulham,FALSE,0,0,1.87028,1.5,2
34.4,0,0,3.4,Manchester City,TRUE,0,0,1.66325,4.5,10
6.4,0,0,0.6,Manchester City,FALSE,0,0,2.26129,0,0
23.2,0,0,2.3,Crystal Palace,FALSE,0,0,0.534893,2.25,8
51.6,0,0,5.2,Everton,FALSE,0,0,1.29229,3.75,11
9.2,0,0,0.9,Tottenham,TRUE,0,0,0.22689,5.25,6
17.4,0,0,1.7,Leicester,FALSE,0,0,1.27814,3.75,2
35.2,0,0,3.5,West Bromwich Albion,FALSE,0,0,1.71644,2.5,3
27.4,0,0,2.7,Fulham,TRUE,0,0,2.03719,5.75,2
39.8,0,0,4,Leeds,TRUE,0,0,3.11324,1.25,3
30.4,0,0,3,Aston Villa,TRUE,0,0,2.39051,8.25,3
23.2,0,0,2.3,Manchester United,TRUE,0,0,2.47547,5.5,2
18.8,0,0,1.9,Chelsea,FALSE,0,0,0.974755,6.75,10
8.4,0,0,0.8,Tottenham,FALSE,0,0,0.390629,5.25,1
54.2,0,0,5.4,Chelsea,FALSE,0,0,4.89472,4.75,3
14.2,0,0,1.4,Crystal Palace,TRUE,0,0,1.68656,4.75,0
6.8,0,0,0.7,Leeds,TRUE,0,0,1.0277,5,2
34.2,0,0,3.4,Manchester City,FALSE,0,0,3.26328,3.5,2
26.4,0,0,2.6,West Ham,FALSE,0,0,2.53006,0.25,3
37.8,0,0,3.8,Everton,TRUE,0,0,2.28139,5.5,3
23.4,0,0,2.3,West Bromwich Albion,FALSE,0,0,0.567234,2.25,3
17.2,0,2,1.9,Leicester,TRUE,0,0,1.3904,2.75,1
21.4,0,0,2.1,Burnley,FALSE,0,0,0.730434,1.5,2
18,0,0,1.8,Manchester United,TRUE,0,0,1.78708,7.25,2
26.6,0,0,2.7,Brighton,FALSE,0,0,2.03376,4.5,2
17.4,0,0,1.7,Arsenal,TRUE,0,0,0.595216,7,6
9.6,0,0,1,West Bromwich Albion,TRUE,0,0,0.57319,3.5,2
20.6,0,0,2.1,Burnley,TRUE,0,0,0.815375,3.75,2
49,0,0,4.9,West Ham,TRUE,0,0,1.7851,5.25,3
24.8,0,0,2.5,Everton,FALSE,0,0,1.2216,4,3
30.6,0,0,3.1,Liverpool,TRUE,0,0,1.82445,2.5,3
51.8,0,0,5.2,Arsenal,FALSE,0,0,1.85362,5.5,11
35,0,0,3.5,Tottenham,TRUE,0,0,1.40792,2.5,3
19.8,0,0,2,Manchester City,TRUE,0,0,1.28434,2,6
25,0,0,2.5,Southampton,FALSE,0,0,2.27973,2,2
35.6,0,0,3.6,Brighton,TRUE,0,0,0.791673,3.5,7
18.4,0,0,1.8,Chelsea,TRUE,0,0,1.00627,2,9
43.6,0,0,4.4,Leeds,FALSE,0,0,1.56644,7.25,3
24.2,0,0,2.4,Crystal Palace,FALSE,0,0,1.84443,8,3
10,0,0,1,Crystal Palace,FALSE,0,0,0.629033,4,1
12.2,0,0,1.2,Arsenal,TRUE,0,0,2.4339,4,1
32.4,0,0,3.2,Liverpool,TRUE,0,0,2.58798,4,2
21.2,0,0,2.1,Everton,FALSE,0,0,0.966012,1.75,6
26.2,0,0,2.6,Manchester United,TRUE,0,0,1.51332,5.5,7
39,0,0,3.9,Leicester,FALSE,0,0,1.73432,2.75,4
35,0,0,3.5,Fulham,TRUE,0,0,1.52044,1,2
2.4,0,0,0.2,Burnley,TRUE,0,0,0.390714,4,6
10.8,0,0,1.1,West Bromwich Albion,FALSE,0,0,0.994664,4.5,1
47,0,0,4.7,Chelsea,FALSE,0,0,1.4405,5,3
23,0,0,2.3,Arsenal,FALSE,0,0,0.747166,4.25,7
30.2,0,0,3,Manchester City,FALSE,0,0,1.53116,3.5,3
28.8,0,0,2.9,Leeds,TRUE,0,0,1.8141,5.25,2
27.6,0,0,2.8,Tottenham,TRUE,0,0,0.372524,4.25,8
14.4,0,0,1.4,Liverpool,TRUE,0,0,2.05809,2.25,1
27.4,0,0,2.7,Aston Villa,TRUE,0,0,0.795508,2.75,3
15.2,0,0,1.5,Brighton,FALSE,0,0,1.77386,3.75,2
7,0,0,0.7,Crystal Palace,TRUE,0,0,0.809312,2.75,1
31.8,0,0,3.2,Everton,TRUE,0,0,1.91539,2.25,2
12.6,0,0,1.3,Tottenham,FALSE,0,0,0.569446,5,6
24,0,0,2.4,Leicester,TRUE,0,0,1.71299,4,2
43.6,0,0,4.4,Leeds,FALSE,0,0,1.14303,0,3
29.6,0,0,3,Brighton,TRUE,0,0,1.18977,0,3
33.6,0,0,3.4,Manchester City,TRUE,0,0,2.12153,4.75,2
6,0,0,0.6,Southampton,TRUE,0,0,0.507893,4.5,6
26,0,0,2.6,West Bromwich Albion,TRUE,0,0,1.61871,4,3
11.4,0,0,1.1,Fulham,FALSE,0,0,0.731288,5.25,6
8.6,0,0,0.9,Liverpool,FALSE,0,0,1.09518,6,7
6.2,0,0,0.6,Aston Villa,FALSE,0,0,0.741154,2.5,2
33.2,0,0,3.3,Manchester United,FALSE,0,0,5.0325,1.25,0
12.2,0,0,1.2,Chelsea,TRUE,0,0,2.393,2.5,2
24.8,0,0,2.5,Southampton,TRUE,0,0,1.43445,2.5,1
23.4,0,0,2.3,Crystal Palace,TRUE,0,0,0.370278,2.25,10
30.8,0,0,3.1,Tottenham,FALSE,0,0,1.92997,1.5,2
10.8,0,0,1.1,West Ham,TRUE,0,0,0.943539,3.75,6
21.4,0,0,2.1,Manchester United,FALSE,0,0,1.71769,0.75,1
6.6,0,0,0.7,Brighton,TRUE,0,0,0.612682,4.75,2
37.6,0,0,3.8,Leeds,FALSE,0,0,2.64769,3.25,2
0,0,0,0,Everton,TRUE,0,0,1.5571,4.25,1
0,0,0,0,Chelsea,TRUE,0,0,1.64144,2.5,1
43.6,0,0,4.4,Burnley,FALSE,0,0,1.88934,7,5
21.6,0,0,2.2,Fulham,FALSE,0,0,1.60884,1.5,6
9.8,0,0,1,West Bromwich Albion,TRUE,0,0,0.698686,2.25,6
31.4,0,0,3.1,Chelsea,FALSE,0,0,2.5428,2.25,2
23,0,0,2.3,Leeds,TRUE,0,0,0.77074,2.25,2
0,0,0,0,Arsenal,FALSE,0,0,2.50614,4.75,0
30.8,0,0,3.1,Manchester United,TRUE,0,0,0.423885,1.5,4
13,0,0,1.3,Burnley,FALSE,0,0,1.20642,3.75,2
13.4,0,0,1.3,Fulham,TRUE,0,0,0.594471,3.75,2
6.6,0,0,0.7,Burnley,TRUE,0,0,1.95502,3.75,1
21.4,0,0,2.1,West Bromwich Albion,FALSE,0,0,0.945964,3.75,2
37.8,0,0,3.8,West Ham,FALSE,0,0,2.32735,2.5,3
25.8,0,0,2.6,Liverpool,TRUE,0,0,1.68325,4,3
29.6,0,0,3,Manchester City,TRUE,0,0,1.23218,0.25,2
9.4,0,0,0.9,Aston Villa,TRUE,0,0,0.144036,6.5,6
22.4,0,0,2.2,Manchester City,FALSE,0,0,2.46219,3,2
25.2,0,0,2.5,Manchester United,FALSE,0,0,1.7256,2.5,2
20.6,0,0,2.1,Manchester City,TRUE,0,0,2.08868,2,2
42,0,0,4.2,Southampton,TRUE,0,0,1.47981,3.25,9
11.2,0,0,1.1,Burnley,FALSE,0,0,0.535153,2.5,7
6.4,0,0,0.6,Southampton,FALSE,0,0,0.496603,3.75,2
11.2,0,0,1.1,West Bromwich Albion,TRUE,0,0,1.71922,3.5,8
36.6,0,0,3.7,Brighton,FALSE,0,0,2.59204,3.5,3
21.6,0,0,2.2,Fulham,FALSE,0,0,1.21006,2.5,3
7.2,0,0,0.7,Aston Villa,FALSE,0,0,1.7084,4.25,2
34.2,0,0,3.4,Liverpool,FALSE,0,0,1.54046,0.5,11
3.6,0,0,0.4,Crystal Palace,TRUE,0,0,0.179886,6.5,1
18.2,0,0,1.8,Tottenham,TRUE,0,0,0.770706,4,3
36.4,0,0,3.6,Leeds,FALSE,0,0,1.84753,0.75,2
19.6,0,0,2,West Ham,FALSE,0,0,1.09246,3,1
12,0,0,1.2,Leicester,FALSE,0,0,0.533575,0.75,2
19.6,0,0,2,Aston Villa,TRUE,0,0,0.876255,5,3
14.2,0,0,1.4,Everton,TRUE,0,0,1.40789,5.75,2
28.8,0,0,2.9,Manchester United,TRUE,0,0,2.80551,2.75,10
12,0,0,1.2,Liverpool,FALSE,0,0,0.247034,3.75,6
6.4,0,0,0.6,Crystal Palace,FALSE,0,0,2.35788,5,6
19,0,0,1.9,Tottenham,TRUE,0,0,1.5519,5,2
18.8,0,0,1.9,Crystal Palace,FALSE,0,0,0.742397,0,6
22.2,0,0,2.2,Tottenham,FALSE,0,0,0.533575,5,1
20.8,0,0,2.1,Leicester,TRUE,0,0,1.24109,4.75,3
26.6,0,0,2.7,Fulham,TRUE,0,0,0.35954,2.25,10
6.6,0,0,0.7,Manchester United,TRUE,0,0,0.584016,4,6
4.2,0,0,0.4,Everton,FALSE,0,0,1.42054,0,2
32.4,0,0,3.2,Chelsea,FALSE,0,0,0.0880148,3,9
30.8,0,0,3.1,Aston Villa,TRUE,0,0,1.44176,2.5,10
9.4,0,0,0.9,Arsenal,TRUE,0,0,0.603212,4.25,1
44.8,0,0,4.5,Burnley,FALSE,0,0,1.26793,3,4
19.8,0,0,2,West Bromwich Albion,FALSE,0,0,1.02038,4.75,7
14.6,0,0,1.5,West Bromwich Albion,FALSE,0,0,0.687091,4.75,2
26.2,0,0,2.6,Burnley,TRUE,0,0,0.813134,2.75,7
28.6,0,0,2.9,Fulham,FALSE,0,0,1.1715,4,9
6.8,0,0,0.7,Manchester City,FALSE,0,0,0.760574,0,1
17.4,0,0,1.7,Sheffield Utd,FALSE,0,0,1.17294,0,9
15.4,0,0,1.5,Brighton,FALSE,0,0,0.75471,2.5,2
41,0,0,4.1,West Ham,FALSE,0,0,2.37556,3.25,9
2.4,0,0,0.2,Crystal Palace,TRUE,0,0,0.559383,4.75,2
39.4,0,0,3.9,Manchester City,FALSE,0,0,3.10503,0.75,1
25.6,0,0,2.6,West Bromwich Albion,FALSE,0,0,1.46503,0.75,7
24.2,0,0,2.4,Liverpool,FALSE,0,0,0.701764,4,8
54.6,0,0,5.5,Chelsea,FALSE,0,0,2.57224,6.5,3
9.4,0,0,0.9,Everton,TRUE,0,0,0.270757,4.5,6
32.8,0,0,3.3,Manchester City,FALSE,0,0,1.27561,1.5,8
10.8,0,0,1.1,Tottenham,FALSE,0,0,2.24159,5,0
11,0,0,1.1,Leicester,TRUE,0,0,1.03801,3.5,1
5.6,0,0,0.6,Arsenal,TRUE,0,0,2.53692,3.5,2
26.8,0,0,2.7,Burnley,FALSE,0,0,1.10374,1.5,5
18.2,0,0,1.8,Leeds,TRUE,0,0,1.34971,4,6
34.4,0,0,3.4,Southampton,TRUE,0,0,2.37386,4.75,2
18.4,0,0,1.8,Crystal Palace,FALSE,0,0,1.30694,6.75,3
60.4,0,0,6,Chelsea,TRUE,0,0,0.971054,5.5,11
10,0,0,1,Arsenal,FALSE,0,0,1.56529,4.75,1
38.8,0,0,3.9,Aston Villa,TRUE,0,0,0.748665,2.5,5
34.6,0,0,3.5,Manchester City,TRUE,0,0,2.72578,5.5,2
33.4,0,0,3.3,Leeds,FALSE,0,0,0.382957,6,9
2,0,0,0.2,West Ham,TRUE,0,0,0.463737,3.5,6
10.6,0,0,1.1,West Bromwich Albion,TRUE,0,0,0.513439,4.75,8
27.4,0,0,2.7,Southampton,FALSE,0,0,1.03495,2.5,3
32,0,0,3.2,Brighton,TRUE,0,0,0.895967,2,2
21,10,0,3.1,Everton,FALSE,0,0.036479063,1.69849,3.5,2
18,0,0,1.8,Tottenham,TRUE,0,0,0.705566,2.75,2
30.2,0,0,3,Manchester United,FALSE,0,0,1.70128,4,3
41.8,0,0,4.2,Leicester,FALSE,0,0,4.54571,4.5,1
33.2,0,0,3.3,Fulham,FALSE,0,0,1.47498,8,3
7.6,0,0,0.8,Aston Villa,FALSE,0,0,0.439681,4.75,6
25,0,0,2.5,Brighton,FALSE,0,0,0.951921,3.75,2
18.8,0,0,1.9,Leeds,TRUE,0,0,1.40706,4.5,1
20.6,0,0,2.1,West Ham,FALSE,0,0,2.50629,2.75,1
30.4,0,0,3,Arsenal,TRUE,0,0,1.35217,3,2
50.8,10,0,6.1,Chelsea,FALSE,0,0.110116981,2.55917,5.75,5
35,0,0,3.5,Crystal Palace,TRUE,0,0,0.603749,0,3
20.8,0,0,2.1,Manchester City,TRUE,0,0,1.98438,3.25,1
18.2,0,0,1.8,Tottenham,TRUE,0,0,2.43683,4.25,1
6.4,0,0,0.6,Aston Villa,FALSE,0,0,1.52229,3.25,1
16.4,0,0,1.6,West Bromwich Albion,TRUE,0,0,1.38315,7.75,0
17.4,0,0,1.7,Brighton,TRUE,0,0,1.41071,5,2
48.6,0,0,4.9,Everton,FALSE,0,0,2.53386,6,4
24.2,0,0,2.4,Manchester United,FALSE,0,0,1.73474,3,2
23.8,0,0,2.4,Burnley,TRUE,0,0,1.50285,2.5,2
35.2,0,0,3.5,Southampton,FALSE,0,0,2.40272,2,2
30.4,0,0,3,Liverpool,TRUE,0,0,2.43732,2.5,2
46.8,0,0,4.7,Leeds,FALSE,0,0,2.50597,4,4
46.6,0,0,4.7,Southampton,TRUE,0,0,1.5002,4.5,15
27,0,0,2.7,Brighton,FALSE,0,0,1.16465,0.75,10
13.2,0,0,1.3,West Ham,FALSE,0,0,1.02408,3.25,1
37,0,0,3.7,Manchester City,FALSE,0,0,1.98825,6.25,4
26,0,0,2.6,Manchester United,TRUE,0,0,2.09737,2.75,2
29.8,0,0,3,Burnley,FALSE,0,0,1.84262,3.75,3
1.8,0,0,0.2,Crystal Palace,FALSE,0,0,0.602167,5.25,2
19.2,0,0,1.9,Tottenham,FALSE,0,0,0.921801,5.5,2
40.4,0,0,4,Chelsea,TRUE,0,0,3.85472,4.5,1
12.2,0,0,1.2,Everton,TRUE,0,0,0.306287,3,6
20.4,0,0,2,West Bromwich Albion,FALSE,0,0,2.77089,2.5,2
8.8,0,0,0.9,Leicester,TRUE,0,0,1.17188,3.25,1
17.4,0,0,1.7,Arsenal,TRUE,0,0,1.93838,4.25,1
42.2,0,0,4.2,Manchester United,FALSE,0,0,2.87455,0.25,2
27.6,0,0,2.8,Leicester,FALSE,0,0,2.6712,7.75,2
7.4,0,0,0.7,West Bromwich Albion,TRUE,0,0,0.277126,2.5,6
42.4,0,0,4.2,Liverpool,TRUE,0,0,1.60043,5,5
30,0,0,3,Southampton,TRUE,0,0,1.06134,3.25,3
7,0,0,0.7,Tottenham,FALSE,0,0,1.28824,0.25,1
34.2,0,0,3.4,West Ham,TRUE,0,0,2.06741,2.75,2
33.2,0,0,3.3,Arsenal,FALSE,0,0,2.85573,1.5,2
12.8,0,0,1.3,Tottenham,TRUE,0,0,1.4815,0.75,1
8.8,0,0,0.9,Burnley,TRUE,0,0,0.959804,4.5,2
31.8,0,0,3.2,Chelsea,FALSE,0,0,0.807348,4.25,9
57.4,0,0,5.7,Aston Villa,FALSE,0,0,2.65394,6.25,6
11.4,0,0,1.1,Crystal Palace,TRUE,0,0,0.723112,3.5,2
22.4,0,0,2.2,Manchester United,TRUE,0,0,1.11635,3.5,7
54.4,0,0,5.4,Liverpool,FALSE,0,0,2.84708,2,7
25.4,0,0,2.5,Arsenal,FALSE,0,0,0.735767,0.25,9
9.4,0,0,0.9,West Ham,FALSE,0,0,0.267123,2.75,5
20.2,0,0,2,Leeds,FALSE,0,0,0.216834,3,7
18.4,0,0,1.8,Leicester,FALSE,0,0,1.23419,3.25,2
0,0,2,0.1,Everton,TRUE,0,0,0.529676,2.25,0
34.8,0,0,3.5,Chelsea,TRUE,0,0,2.52059,1.75,3
30.4,0,0,3,Brighton,TRUE,0,0,2.06038,2.25,9
14.2,0,0,1.4,Southampton,FALSE,0,0,0.954057,2.5,2
23,0,0,2.3,Brighton,FALSE,0,0,2.52542,4.5,2
54.2,0,0,5.4,Leicester,TRUE,0,0,2.51518,0.25,5
15.8,0,0,1.6,Arsenal,TRUE,0,0,1.78751,3.25,1
28,0,0,2.8,Chelsea,FALSE,0,0,1.8433,1.5,2
30.4,0,0,3,Aston Villa,TRUE,0,0,1.58811,2.5,2
19.6,0,0,2,Fulham,TRUE,0,0,0.290042,1.75,7
9.6,0,0,1,Manchester City,TRUE,0,0,2.04443,3.75,1
21,0,0,2.1,Leeds,TRUE,0,0,0.510874,4.75,6
21,0,2,2.3,West Ham,TRUE,0,0,2.42477,2,1
11.2,0,0,1.1,Burnley,FALSE,0,0,1.68312,2,2
31.4,0,0,3.1,Tottenham,FALSE,0,0,2.26016,4.25,2
26.2,0,0,2.6,Arsenal,FALSE,0,0,1.07042,7.5,2
2.6,0,0,0.3,Manchester United,FALSE,0,0,0.212874,2.5,2
19.2,0,0,1.9,Tottenham,TRUE,0,0,1.03384,4.5,2
39.4,0,0,3.9,Leeds,FALSE,0,0,2.55216,3.5,2
55.4,0,0,5.5,Leicester,FALSE,0,0,2.315,3.25,3
28.4,0,0,2.8,Burnley,TRUE,0,0,1.65831,1.75,2
2.4,0,0,0.2,West Ham,FALSE,0,0,0.565472,3,6
11.8,0.1,0,1.2,Aston Villa,FALSE,0,0,0.558976,4.5,6
36.2,0,0,3.6,Liverpool,TRUE,0,0,2.938,3,1
2.6,0,0,0.3,Sheffield Utd,FALSE,0,0,1.2289,2,6
27,0,0,2.7,Southampton,FALSE,0,0,1.58872,2.5,2
35.2,0,0,3.5,Liverpool,FALSE,0,0,2.25382,1,2
43.6,0,0,4.4,Crystal Palace,TRUE,0,0,1.32586,1,8
24,0,0,2.4,Fulham,FALSE,0,0,0.778074,1.75,7
35,0,0,3.5,Chelsea,FALSE,0,0,1.56786,0.5,9
15.4,0,0,1.5,Everton,TRUE,0,0,1.56222,2,2
50.6,0,0,5.1,Crystal Palace,TRUE,0,0,2.25382,3.75,3
14.8,0,0,1.5,Leeds,TRUE,0,0,1.85654,0.5,0
32.8,0,0,3.3,Liverpool,TRUE,0,0,2.07854,4.25,2
29.6,0,0,3,Burnley,FALSE,0,0,1.41338,4,7
16,0,0,1.6,Fulham,TRUE,0,0,0.875957,1.5,2
9.4,0,0,0.9,Manchester City,TRUE,0,0,1.477,3.25,0
23.4,0,0,2.3,Southampton,FALSE,0,0,2.29146,2,2
10.6,0,0,1.1,West Ham,TRUE,0,0,1.92378,4.5,2
16.6,0,0,1.7,Aston Villa,TRUE,0,0,1.2303,0,2
8.4,0,0,0.8,Brighton,FALSE,0,0,0.922587,2.25,2
46,0,0,4.6,Everton,FALSE,0,0,1.24609,4.25,10
39.6,0,0,4,West Ham,TRUE,0,0,3.56991,4.25,2
34.6,0,0,3.5,Fulham,TRUE,0,0,0.872643,0.25,3
36.6,0,0,3.7,Chelsea,FALSE,0,0,2.86149,1.5,2
23.4,0,0,2.3,Aston Villa,TRUE,0,0,1.63669,4.75,2
25.2,0,0,2.5,Everton,FALSE,0,0,0.670997,0,3
36.8,0,0,3.7,Leeds,TRUE,0,0,1.58132,1.75,2
25.6,0,0,2.6,Manchester United,FALSE,0,0,0.92243,2,3
10.6,0,0,1.1,Leicester,TRUE,0,0,0.832596,5.75,1
2.6,0,0,0.3,Arsenal,TRUE,0,0,1.7945,2.25,1
19.2,10,2,3.1,Manchester City,TRUE,0,0.025614949,1.07139,2.75,0
4.6,10,0,1.5,Liverpool,TRUE,0,0.047621962,2.73316,0,1
35.4,0,0,3.5,Crystal Palace,FALSE,0,0,0.998377,2.75,3
25.8,0,0,2.6,West Bromwich Albion,FALSE,0,0,1.10741,0,3
44,0,0,4.4,Leeds,FALSE,0,0,2.49009,3.25,3
4.6,0,0,0.5,Tottenham,TRUE,0,0,1.85229,1.5,-2
28.8,0,0,2.9,Leicester,FALSE,0,0,1.82554,4.5,2
31.4,0,0,3.1,West Ham,FALSE,0,0,1.98344,1,2
3.8,0,0,0.4,Fulham,FALSE,0,0,0.98902,2.75,7
51.8,0,0,5.2,Manchester City,FALSE,0,0,2.88355,5.25,2
27.2,0,0,2.7,Liverpool,FALSE,0,0,2.20348,2.25,2
19.2,0,0,1.9,Arsenal,FALSE,0,0,0.772904,2.25,2
8.8,0,0,0.9,Brighton,TRUE,0,0,0.193968,3.5,7
44.4,0,0,4.4,Southampton,TRUE,0,0,1.35179,1.5,9
22,10,0,3.2,Burnley,TRUE,0,0.024100775,0.558508,4.5,9
9,0,0,0.9,Burnley,FALSE,0,0,1.2922,6.75,1
2,0,0,0.2,Burnley,FALSE,0,0,2.34418,3.75,2
22.6,0,0,2.3,Brighton,FALSE,0,0,2.60017,0.5,2
7.2,0,0,0.7,Manchester United,TRUE,0,0,0.421251,2,6
23.8,0,0,2.4,Cardiff,TRUE,0,0,1.06351,1.5,9
2.2,11.7,6,2,Chelsea,FALSE,0,0.051942937,2.22726,2,2
6.6,0.3,9,1.6,Manchester City,TRUE,0.018532578,0,0.688176,2.25,2
